state,regime,sigma_us,erg_prob,Epi_us_gross_m,Epi_us_harm_gross_m,Epi_eu_gross_m,Epi_eu_harm_gross_m,Epi_us_ann_pct,Epi_eu_ann_pct
1,1,0.104580366173633,5.51245934790968e-08,0.998704363759549,0.998646258989331,1.00001017902334,1.00001017675187,-1.54373195467365,0.0122155118724709
2,1,0.109870923627908,1.26751045193685e-07,0.998703492907737,0.99864615995717,1.00001009451204,1.00001009229673,-1.54476217436312,0.0121140870094738
3,1,0.115429122124197,2.3929626017672e-07,0.998702247424282,0.998646043902745,1.00000999522739,1.00000999309427,-1.54623556697124,0.011994932263848
4,1,0.121268501204976,4.43805601437194e-07,0.998700887819374,0.998645920566203,1.00000988939554,1.00000988735009,-1.54784394087092,0.0118679201513316
5,1,0.127403285357036,8.11165688871071e-07,0.998699460588479,0.998645791041885,1.00000977789438,1.00000977593785,-1.54953228847599,0.0117341042852104
6,1,0.133848418661748,1.45966837562793e-06,0.998697970855942,0.998645655092033,1.00000966046695,1.0000096585998,-1.55129454430117,0.0115931763044141
7,1,0.14061960119823,2.58512686858043e-06,0.998696417095652,0.998645512229196,1.00000953663767,1.00000953486012,-1.55313250994868,0.0114445654760376
8,1,0.147733327288089,4.50539100967933e-06,0.998694796778945,0.998645361874455,1.00000940584465,1.00000940415676,-1.55504917264646,0.0112875975000426
9,1,0.155206925674913,7.72668877159173e-06,0.998693107360136,0.998645203375246,1.00000926745308,1.00000926585474,-1.55704753937141,0.0111215105559115
10,1,0.163058601736375,1.30399985272693e-05,0.998691346541168,0.998645035999719,1.00000912074861,1.00000911923955,-1.55913032379182,0.0109454473895099
11,1,0.171307481831781,2.16577084054844e-05,0.998689512450011,0.998644858925696,1.00000896492584,1.00000896350561,-1.56129973525868,0.0107584414661188
12,1,0.179973659893094,3.54026148535869e-05,0.998687603848008,0.998644671226872,1.00000879907399,1.00000879774188,-1.56355723358956,0.0105593998011466
13,1,0.189078246372927,5.69626168686874e-05,0.998685620400131,0.998644471856291,1.00000862215969,1.00000862091478,-1.56590320948845,0.0103470823011653
14,1,0.198643419668731,9.02247950727815e-05,0.998683563033664,0.998644259626646,1.00000843300651,1.00000843184763,-1.56833656041971,0.0101200771843946
15,1,0.208692480148459,0.000140701380836228,0.998681434416015,0.998644033186688,1.00000823027027,1.00000822919594,-1.57085412567406,0.00987677140300569
16,1,0.219249906909304,0.00021605686940783,0.998679239593061,0.998643790992856,1.00000801240926,1.00000801141772,-1.57344993166368,0.00961531482976952
17,1,0.230341417407767,0.000326739764087612,0.998676986845207,0.998643531274973,1.00000777764809,1.00000777673729,-1.57611417987958,0.00933357696750736
18,1,0.241994030106325,0.00048671392247855,0.998674688841369,0.998643251994565,1.0000075239337,1.00000752310126,-1.57883188269592,0.00902909406974572
19,1,0.254236130289292,0.000714273242639536,0.998672364182096,0.998642950793991,1.0000072488813,1.00000724812455,-1.5815810392069,0.008699004374213
20,1,0.267097539208196,0.00103290963428012,0.998670039815146,0.998642624932707,1.00000694970663,1.00000694902258,-1.58432977963605,0.00833996672731097
21,1,0.280609586725128,0.00147218764203256,0.998667748058301,0.998642271226723,1.00000662315999,1.00000662254547,-1.5870398872423,0.00794808150763604
22,1,0.294805187630987,0.00206855806695785,0.99867899648299,0.998655439176907,1.00000626516296,1.00000626461462,-1.57373745285271,0.00751845462367839
23,1,0.309718921824558,0.00286601282567096,0.998753548775708,0.998732148336639,1.00000587405639,1.00000587357069,-1.48552992540624,0.00704909539650522
24,1,0.325387118547719,0.00391643497767514,0.998839022752366,0.998819959181886,1.00000546733844,1.00000546691128,-1.38431110405326,0.00656100341951404
25,1,0.341847944881979,0.0052794178629361,0.998928506091453,0.998911743665416,1.00000505401355,1.00000505364009,-1.27824223441526,0.00606498484339024
26,1,0.359141498721913,0.00702120213253992,0.999019576224673,0.999004959629174,1.00000463881257,1.00000463848753,-1.1701850946823,0.00556671710465473
27,1,0.377309906451982,0.00921220719274825,0.999110947957344,0.999098265167096,1.00000422441403,1.00000422413184,-1.06166115079108,0.00506941462168342
28,1,0.396397425564669,0.011922443619379,0.999201823715996,0.999190837839756,1.00000381247178,1.00000381222679,-0.953617944370411,0.0045750620663032
29,1,0.416450552469909,0.0152139692499947,0.999291667879246,0.999282133365667,1.00000340408935,1.00000340387591,-0.846694904143552,0.00408498370525479
30,1,0.437518135758424,0.0191296441890121,0.999380104709543,0.999371775994855,1.00000300004901,1.00000299986152,-0.74134339867693,0.00360011821278761
31,1,0.459651495194877,0.0236779437305695,0.999466864299085,0.99945950068372,1.00000260092941,1.0000026007624,-0.637890228616456,0.00312115994276496
32,1,0.482904546730709,0.0288146657530043,0.99955175082621,0.99954511935363,1.00000220717054,1.00000220701863,-0.536574867668849,0.00264863680441429
33,1,0.507333933841167,0.0344240191948037,0.999634622504593,0.999628499704935,1.00000181911214,1.0000018189701,-0.437572962012356,0.00218295640495025
34,1,0.532999165506481,0.0403034953116681,0.999715378204701,0.999709551147455,1.000001437018,1.00000143688075,-0.341011998151652,0.00172443522858945
35,1,0.559962761173287,0.046158427105563,0.999793948131771,0.999788215031754,1.00000106109232,1.00000106095496,-0.246982215592451,0.00127331822015186
36,1,0.588290403049418,0.051612310288558,0.999870287095803,0.999864457615953,1.00000069149126,1.00000069134902,-0.155544485149206,0.000829792664158724
37,1,0.618051096103062,0.0562369708864673,0.999944369506289,0.999938264847286,1.00000032833137,1.00000032817967,-0.066736170878412,0.000393998352676839
38,1,0.649317336156015,0.0596023002577318,1.00001618555495,1.00000963839115,0.999999971696152,0.999999971530576,0.0194243950498496,-3.39646128999505e-05
39,1,0.682165286480517,0.0613393258245151,1.00008573824135,1.00007859254439,0.999999621641106,0.999999621457401,0.102934420386913,-0.000454029728369498
40,1,0.716674963329847,0.061204663544598,1.00015304101246,1.00014515179222,0.999999278197824,0.999999277991906,0.183803876076771,-0.000866159172252523
41,1,0.752930430854615,0.0591312193338188,1.00021811586005,1.00020934884509,0.999998941377346,0.999998941145298,0.262053252345096,-0.00127033978817304
42,1,0.791020005879571,0.0552512028926841,1.00028099176649,1.00027122304069,0.999998611172958,0.999998610911026,0.337711720257428,-0.00166657972042739
43,1,0.831036473039746,0.0498834525068541,1.00034170342105,1.00033081902934,0.999998287562547,0.999998287267137,0.410815607795256,-0.00205490558926602
44,1,0.873077310800006,0.0434861957451937,1.00040029014938,1.00038818568276,0.999997970510614,0.999997970178302,0.481407124136957,-0.00243536007951128
45,1,0.91724492890857,0.0365856733512345,1.00045679501402,1.00044337518175,0.999997659970044,0.999997659597548,0.549533283040748,-0.00280799980723057
46,1,0.963646917862937,0.02969726195124,1.00051126405362,1.000496442249,0.9999973558836,0.999997355467786,0.615244987952979,-0.00317289353795047
47,1,1.01239631099591,0.0232567310903359,1.00056374563623,1.00054744350099,0.999997058185232,0.999997057723133,0.678596250416841,-0.00353012060356761
48,1,1.06361185982011,0.0175749938795665,1.00061428990749,1.00059643689872,0.999996766801297,0.999996766290088,0.739643519513167,-0.00387976945047663
49,1,1.11741832330183,0.0128220637116346,1.00066294831821,1.0006434812812,0.999996481651587,0.999996481088573,0.798445104594259,-0.00422193639710855
50,1,1.17394677176865,0.00903783571648098,1.00070977321935,1.00068863596874,0.99999620265023,0.99999620203285,0.85506067724419,-0.004556724554583
51,1,1.23333490619141,0.00616141482748359,1.00075481751421,1.00073196042546,0.999995929706507,0.999995929032353,0.909550840958295,-0.00488424284874611
52,1,1.29572739361811,0.00406839209652583,1.00079813435996,1.00077351397265,0.999995662725646,0.999995661992425,0.961976759257577,-0.00520460506734377
53,1,1.36127621957682,0.00260657320365605,1.00083977691139,1.00081335554552,0.999995401609442,0.999995400814975,1.01239983414574,-0.00551792911397397
54,1,1.43014105830622,0.00162392352870634,1.00087979810146,1.00085154348763,0.999995146256826,0.999995145399077,1.06088142854011,-0.00582433632274615
55,1,1.50248966171542,0.000986302508730038,1.00091825045384,1.00088813537779,0.999994896564454,0.999994895641499,1.10748262715072,-0.00612395076069472
56,1,1.57849826802075,0.000585643093026392,1.0009551859232,1.00092318788521,0.999994652427169,0.999994651437191,1.15226403092916,-0.00641689866368589
57,1,1.65835203105473,0.000340989300551748,1.00099065576,1.00095675664919,0.999994413738427,0.999994412679704,1.19528558108704,-0.00670330793012264
58,1,1.74224547129323,0.000195271853793473,1.00102471039646,1.00098889618024,0.999994180390655,0.999994179261591,1.23660640914829,-0.00698330769008937
59,1,1.83038294969929,0.000110290923627215,1.00105739935146,1.00101965977987,0.999993952275651,0.999993951074749,1.27628471007,-0.00725702782884419
60,1,1.92297916553803,6.15822727242971e-05,1.00108877115187,1.00104909947666,0.999993729284884,0.999993728010736,1.31437763560909,-0.00752459861982357
61,1,2.02025967937521,3.40507157745991e-05,1.00111887326827,1.00107726597656,0.999993511309768,0.999993509961047,1.35094120564552,-0.00778615040448738
62,1,2.12246146253346,1.86626533992587e-05,1.00114775206351,1.00110420862565,0.999993298241883,0.999993296817373,1.38603023536334,-0.00804181331752751
63,1,2.22983347434467,1.01417023327545e-05,1.00117545275243,1.00112997538367,0.999993089973253,0.999993088471822,1.41969827656805,-0.00829171696418163
64,1,2.34263726860466,5.46256514742739e-06,1.00120201937151,1.00115461280697,0.99999288639653,0.99999288481712,1.45199757134846,-0.00853599018958429
65,1,2.46114763070743,2.91414970950881e-06,1.00122749475696,1.00117816603977,0.999992687405177,0.999992685746797,1.48297901667398,-0.00877476086805773
66,1,2.58565324701107,1.53831181658989e-06,1.00125192053039,1.00120067881239,0.999992492893585,0.999992491155345,1.5126921385062,-0.00900815575390901
67,1,2.71645740806585,8.02711536117226e-07,1.00127533709074,1.00122219344578,0.999992302757318,0.999992300938389,1.54118507405128,-0.00923630019424859
68,1,2.85387874741745,4.13666049124108e-07,1.00129778361034,1.00124275086162,0.999992116893281,0.999992114992887,1.56850455948969,-0.00945931792740717
69,1,2.9982520177852,2.10360586572397e-07,1.00131929802983,1.00126239059788,0.999991935200105,0.999991933217559,1.59469591680774,-0.00967733061550957
70,1,3.14992890650589,1.0549259505755e-07,1.00133991703283,1.00128115083207,0.999991757579534,0.999991755514216,1.61980301627007,-0.00989045618396966
71,1,3.3092788922296,5.21458361048879e-08,1.00135967591985,1.00129906842291,0.999991583941564,0.999991581792924,1.64386811664983,-0.0100988026577098
72,1,3.47669014495451,2.54007306143241e-08,1.00137860802861,1.0013161790185,0.99999141422623,0.999991411993825,1.66693115297247,-0.0103024420157416
73,1,3.652570471593,1.21932468024551e-08,1.0013967420809,1.00133251744509,0.999991248500597,0.999991246184339,1.68902649713432,-0.0105012938131033
74,1,3.83734830937247,5.77206241847449e-09,1.00141408988256,1.0013481193667,0.999991087410921,0.999991085012,1.71016795782124,-0.0106945826448768
75,1,4.03147376949077,2.69213053392666e-09,1.00143059123382,1.00136302899833,0.999990934386643,0.999990931911627,1.73028160321149,-0.0108781936211222
76,1,4.23541973356857,1.12981147884722e-09,1.00144594024917,1.00137733612655,0.999990806633606,0.999990804108294,1.74899392900707,-0.0110314818712376
77,2,0.104580366173633,3.11082589418164e-07,0.999114776348707,0.998639119753478,1.00000368402808,1.00000366576772,-1.05711171412907,0.00442092327237464
78,2,0.109870923627908,2.67337607369326e-07,0.999107265500871,0.99863907710646,1.00000364450427,1.00000362685171,-1.06603698602505,0.00437349278596955
79,2,0.115429122124197,4.78907435862521e-07,0.999097864809543,0.998639032178722,1.00000360284369,1.00000358590133,-1.07720695207599,0.00432349810295385
80,2,0.121268501204976,8.42862775549467e-07,0.999087791997115,0.998638985995409,1.00000355999311,1.00000354378151,-1.08917425406199,0.00427207537345708
81,2,0.127403285357036,1.45741054245806e-06,0.999077204718543,0.998638938678507,1.00000351606381,1.00000350059054,-1.10175135220163,0.00421935816372621
82,2,0.133848418661748,2.47589235299043e-06,0.999066101328732,0.998638890212272,1.0000034710399,1.00000345630985,-1.11493998685548,0.00416532739870856
83,2,0.14061960119823,4.132479827403e-06,0.999054454848168,0.998638840556585,1.00000342488293,1.0000034108998,-1.128771973645,0.00410993692936401
84,2,0.147733327288089,6.7767662949425e-06,0.999042233321615,0.998638789663575,1.00000337754712,1.00000336431355,-1.14328500887025,0.00405313183406975
85,2,0.155206925674913,1.09186798541548e-05,0.999029403261284,0.998638737479519,1.00000332898105,1.00000331649849,-1.15851857549073,0.00399485040267766
86,2,0.163058601736375,1.7284474492231e-05,0.999015930542706,0.998638683944257,1.00000327912701,1.00000326739555,-1.17451287585162,0.00393502338194018
87,2,0.171307481831781,2.68833115451265e-05,0.999001781011141,0.998638628990007,1.00000322791979,1.00000321693799,-1.19130810863525,0.00387357251683262
88,2,0.179973659893094,4.10820005871986e-05,0.998986921203739,0.998638572539862,1.00000317528515,1.00000316504979,-1.20894360892363,0.00381040872095006
89,2,0.189078246372927,6.16827808802141e-05,0.998971319309343,0.998638514505983,1.00000312113794,1.00000311164382,-1.22745670702875,0.00374542982644055
90,2,0.198643419668731,9.09956804089177e-05,0.99895494645935,0.998638454787422,1.00000306537992,1.00000305661958,-1.24688119579252,0.0036785179268195
91,2,0.208692480148459,0.000131893270336932,0.998937778463607,0.998638393267536,1.00000300789703,1.00000299986047,-1.26724527189247,0.00360953614693127
92,2,0.219249906909304,0.000187832053313726,0.998919798144314,0.998638329810872,1.00000294855615,1.00000294123056,-1.28856877082818,0.00353832475781246
93,2,0.230341417407767,0.000262822037582606,0.998900998476651,0.998638264259436,1.00000288720123,1.00000288057065,-1.31085944957061,0.00346469649139536
94,2,0.241994030106325,0.000361325193293907,0.998881386822496,0.998638196428185,1.00000282364852,1.00000281769354,-1.33410797947233,0.00338843084823903
95,2,0.254236130289292,0.0004880654598445,0.998860990657794,0.99863812609957,1.00000275768081,1.00000275237824,-1.35828117749643,0.00330926716380908
96,2,0.267097539208196,0.000647738630163263,0.998839865287489,0.99863805301675,1.00000268904017,1.00000268436277,-1.38331289434999,0.00322689593457159
97,2,0.280609586725128,0.000844620242906533,0.998818104936071,0.998637976877166,1.00000261742099,1.00000261333716,-1.40909092022833,0.00314095040314655
98,2,0.294805187630987,0.00108208337294428,0.998795927681,0.998637897458374,1.00000254259489,1.00000253906854,-1.43535646831859,0.00305115653085331
99,2,0.309718921824558,0.00136205486492937,0.998809697393469,0.998673523809857,1.00000246074768,1.00000245773818,-1.4190491165008,0.00295293718124423
100,2,0.325387118547719,0.00168445609934737,0.998876770289517,0.998761225679631,1.00000237113529,1.0000023685981,-1.33957989362194,0.00284539945523132
101,2,0.341847944881979,0.00204668998166629,0.998954109927548,0.998857368936192,1.00000227986511,1.00000227775332,-1.24787354978233,0.00273587243608819
102,2,0.359141498721913,0.00244324618999724,0.999036559053209,0.998956535406056,1.00000218807474,1.00000218634038,-1.15002252598393,0.00262572129199334
103,2,0.377309906451982,0.00286549857945718,0.999121905668684,0.999056423683041,1.0000020963271,1.00000209492205,-1.04863913566572,0.00251562152198126
104,2,0.396397425564669,0.00330175959041209,0.999208877802262,0.999155758512852,1.00000200495997,1.00000200383655,-0.945226740477667,0.00240597849268109
105,2,0.416450552469909,0.00373763561315892,0.999296641173231,0.999253748236684,1.00000191419772,1.00000191330901,-0.840773125149119,0.00229706144876385
106,2,0.437518135758424,0.00415669563167818,0.99938460643776,0.999349872098505,1.00000182419937,1.00000182349946,-0.735977913850416,0.00218906121016715
107,2,0.459651495194877,0.00454142644409894,0.99947233748982,0.999443777850014,1.00000173508246,1.00000173452658,-0.63136061754826,0.00208211882060105
108,2,0.482904546730709,0.0048744066429138,0.999559501603873,0.999535225655811,1.00000164693613,1.00000164648076,-0.527319297589934,0.001976341255161
109,2,0.507333933841167,0.00513959485456381,0.999645839720721,0.999624054459081,1.00000155982893,1.00000155943186,-0.424165476921345,0.00187181077619947
110,2,0.532999165506481,0.00532360208648903,0.999731147495813,0.999710160414746,1.00000147381381,1.0000014734342,-0.322146373279286,0.00176859091036707
111,2,0.559962761173287,0.00541680878099638,0.999815262555722,0.999793482324088,1.00000138893146,1.00000138852985,-0.221459827485504,0.00166673047854449
112,2,0.588290403049418,0.0054141972713324,0.999898055554407,0.999873991384605,1.00000130521269,1.00000130475104,-0.122264766392755,0.00156626646599101
113,2,0.618051096103062,0.00531579949243365,0.999979423669106,0.999951683733179,1.00000122268023,1.0000012221219,-0.0246888029203585,0.00146722614342565
114,2,0.649317336156015,0.00512670433391306,1.0000592857264,1.00002657487258,1.00000114135008,1.00000114065984,0.0711660739292075,0.00136962869186075
115,2,0.682165286480517,0.00485662238857627,1.00013757845543,1.00009869541229,1.00000106123254,1.00000106037655,0.165219127507732,0.00127348648324421
116,2,0.716674963329847,0.00451905979503697,1.00021425354396,1.00016808775405,1.00000098233312,1.00000098127894,0.257407439467738,0.00117880611496535
117,2,0.752930430854615,0.0041301989896353,1.00028927528166,1.00023480347389,1.00000090465321,1.00000090336975,0.347683160124412,0.00108558925757674
118,2,0.791020005879571,0.00370761549870988,1.00036261864278,1.00029890122911,1.00000082819071,1.00000082664824,0.43601127024111,0.0009938333773718
119,2,0.831036473039746,0.00326897216595139,1.00043426770489,1.00036044506863,1.00000075294049,1.0000007511106,0.522367733079143,0.000903532328289103
120,2,0.873077310800006,0.00283082458770236,1.00050421432901,1.00041950305847,1.00000067889486,1.00000067675043,0.606737949929803,0.000814676876470521
121,2,0.91724492890857,0.0024076465823656,1.00057245704707,1.00047614615698,1.00000060604394,1.0000006035591,0.689115455633593,0.000727255153343265
122,2,0.963646917862937,0.00201114749934395,1.00063900011563,1.00053044729046,1.00000053437595,1.00000053152609,0.76950080677809,0.000641253028077493
123,2,1.01239631099591,0.00164991083236787,1.00070385270529,1.00058248059155,1.00000046387753,1.00000046063923,0.847900626755616,0.000556654461725259
124,2,1.06361185982011,0.00132934282456445,1.00076702820171,1.00063232077065,1.00000039453398,1.00000039088497,0.924326780015106,0.000473441798720664
125,2,1.11741832330183,0.00105188629838785,1.00082854359977,1.00068004259739,1.00000032632944,1.00000032224862,0.998795653968521,0.000391596033399999
126,2,1.17394677176865,0.000817432572521701,1.00088841897592,1.00072572047333,1.00000025924716,1.00000025471449,1.07132753141694,0.000311097032601459
127,2,1.23333490619141,0.000623854431326898,1.00094667702683,1.00076942808103,1.00000019326958,1.00000018826613,1.14194603981626,0.000231923740545703
128,2,1.29572739361811,0.000467584855938435,1.00100334266479,1.00081123809714,1.00000012837854,1.00000012288638,1.21067766626681,0.000154054359469136
129,2,1.36127621957682,0.000344177092112333,1.00105844266176,1.00085122195949,1.0000000645554,1.00000005855761,1.2775513291039,7.74665058100865e-05
130,2,1.43014105830622,0.000248798177798552,1.00111200533565,1.00088944967979,1.00000000178112,0.999999995261746,1.34259799857301,2.13734019371969e-06
131,2,1.50248966171542,0.000176626701167185,1.00116406027332,1.00092598969489,0.999999940036399,0.999999932980415,1.40585036031708,-7.19562971651655e-05
132,2,1.57849826802075,0.000123143224756918,1.00121463808558,1.00096090875085,0.999999879301758,0.999999871695029,1.46734251636913,-0.000144837794469055
133,2,1.65835203105473,8.43163126303938e-05,1.00126377019046,1.00099427181478,0.999999819557597,0.999999811386853,1.52710971919461,-0.000216530668595283
134,2,1.74224547129323,5.66972957097515e-05,1.00131148862129,1.0010261420103,0.999999760784278,0.999999752037085,1.58518813495949,-0.000287058488335212
135,2,1.83038294969929,3.74426232782021e-05,1.00135782585675,1.00105658057299,0.999999702962185,0.999999693626903,1.64161463275285,-0.000356444795690525
136,2,1.92297916553803,2.42844155081922e-05,1.00140281467046,1.0010856468228,0.999999646071767,0.999999636137525,1.69642659691136,-0.000424713052915582
137,2,2.02025967937521,1.54686170426246e-05,1.00144648799794,1.00111339815083,0.99999959009359,0.999999579550253,1.74966176001121,-0.000491886582820733
138,2,2.12246146253346,9.67705918928597e-06,1.00148887881908,1.00113989001822,0.999999535008371,0.999999523846512,1.80135805434547,-0.00055798852747202
139,2,2.22983347434467,5.94579047047543e-06,1.0015300200544,1.00116517596518,0.999999480797017,0.999999469007886,1.85155348001984,-0.000623041800895674
140,2,2.34263726860466,3.58803631276731e-06,1.0015699444738,1.00118930762853,0.999999427440648,0.999999415016147,1.9002859879363,-0.000687069058413758
141,2,2.46114763070743,2.12663156902109e-06,1.00160868461626,1.00121233476634,0.999999374920632,0.999999361853281,1.94759337608208,-0.000750092662882285
142,2,2.58565324701107,1.23800788486171e-06,1.00164627271897,1.00123430528844,0.999999323218598,0.999999309501518,1.99351319735575,-0.000812134659022856
143,2,2.71645740806585,7.0787747356576e-07,1.00168274065383,1.00125526529161,0.999999272316471,0.999999257943348,2.03808267613304,-0.000873216739805116
144,2,2.85387874741745,3.97561462371501e-07,1.00171811986492,1.00127525909875,0.999999222196491,0.999999207161555,2.08133862632269,-0.000933360218269286
145,2,2.9982520177852,2.19315856872121e-07,1.0017524412867,1.00129432930117,0.999999172841258,0.999999157139267,2.12331734565079,-0.000992585974146643
146,2,3.14992890650589,1.18840205930428e-07,1.0017857351609,1.00131251680368,0.999999124233879,0.999999107860099,2.16405438601437,-0.00105091428331816
147,2,3.3092788922296,6.32546255376139e-08,1.00181803040675,1.00132986087299,0.999999076358468,0.999999059308696,2.20358377690786,-0.00110836420751381
148,2,3.47669014495451,3.30723005859198e-08,1.00184935201914,1.00134639919409,0.999999029202279,0.999999011472989,2.24193483220045,-0.00116495104505177
149,2,3.652570471593,1.69858429012636e-08,1.00187970946279,1.00136216795628,0.999998982765138,0.999998964354211,2.2791179207849,-0.00122067500457623
150,2,3.83734830937247,8.56973281962193e-09,1.00190904230949,1.00137720207132,0.999998937103458,0.999998918013517,2.3150578143021,-0.00127546839382431
151,2,4.03147376949077,4.24728376829765e-09,1.00193695421878,1.00139153601947,0.999998892544975,0.999998872799118,2.34926746139119,-0.00132893793490796
152,2,4.23541973356857,3.90965808684759e-09,1.00196139201395,1.00140520773406,0.999998850761342,0.999998830478437,2.37922774159431,-0.00137907767256973
