month,dayoftrade,ecbdepositfacilityrate,ecbmainrefinancingrate,ecbeoniarate,interestonexcessreserves,interestonrequiredreserves,interestonreservebalances,federalfundstargetrangeupperlimi,federalfundstargetrangelowerlimi,federalfundstargetrate,domesticprivatecredit,effectivefederalfundsraate,dw_rate,reserve_rate,ffr_deviation,ecb_eoniatarget,eonia_deviation,e,f,cip,germany_us,f_ret
2000m1,16-Jan-00,2,4,3.0428572,,,,,,5.5,,,6.5,0,,3,0.042857125,0.98741293,0.98517215,0.90932518,-1.8529999,-2.762325
2000m2,15-Feb-00,2.224138,4.2241378,3.2757144,,,,,,5.7413793,,,6.7413793,0,,3.224138,0.06142858,1.0153897,1.013315,0.40311274,-2.0825,-2.4856126
2000m3,16-Mar-00,2.3709676,4.3709679,3.5104346,,,,,,5.8387098,,,6.8387098,0,,3.3709676,0.14086953,1.0366383,1.0344428,0.36325929,-2.213913,-2.5771723
2000m4,15-Apr-00,2.5250001,4.5250001,3.6849999,,,,,,6,,,7,0,,3.5250001,0.17111108,1.0582566,1.0561373,0.75535023,-1.6805001,-2.4358504
2000m5,16-May-00,2.75,4.75,3.9200001,,,,,,6.2580647,,,7.2580647,0,,3.75,0.17000003,1.1011416,1.0989056,0.88096911,-1.5891303,-2.4700994
2000m6,15-Jun-00,3.1166666,5.1166668,4.2945457,,,,,,6.5,,,7.5,0,,4.1166668,0.18090907,1.0528544,1.0508182,0.89144814,-1.4618181,-2.3532662
2000m7,16-Jul-00,3.25,5.25,4.3085713,,,,,,6.5,,6.5184999,7.5,0,0.018500019,4.25,0.058571428,1.0644031,1.0623677,0.91144335,-1.4152383,-2.3266816
2000m8,16-Aug-00,3.25,5.25,4.4191303,,,,,,6.5,,6.5026088,7.5,0,0.002608735,4.25,0.16913038,1.1058831,1.1039817,0.53525007,-1.5573915,-2.0926416
2000m9,15-Sep-00,3.5,5.5,4.590476,,,,,,6.5,,6.5145001,7.5,0,0.014500022,4.5,0.090476148,1.1485292,1.1466796,0.54977155,-1.4095237,-1.9592953
2000m10,16-Oct-00,3.7096775,5.7096772,4.7627273,,,,,,6.5,,6.5219049,7.5,0,0.021904809,4.7096772,0.058181807,1.1718836,1.170145,0.28226474,-1.5236363,-1.8059011
2000m11,15-Nov-00,3.75,5.75,4.8290911,,,,,,6.5,,6.5233335,7.5,0,0.023333345,4.75,0.079090945,1.1690475,1.1673871,0.071652517,-1.6563638,-1.7280164
2000m12,16-Dec-00,3.75,5.75,4.8268423,,,,,,6.5,,6.4514999,7.5,0,-0.048500039,4.75,0.076842129,1.1094384,1.1077696,0.13948572,-1.687,-1.8301256
2001m1,16-Jan-01,3.75,5.75,4.755909,,,,,,6.016129,,6.0228572,7.016129,0,0.02285712,4.75,0.005909161,1.0657349,1.0648013,-0.053243659,-1.0895456,-1.0673386
2001m2,14-Feb-01,3.75,5.75,4.9924998,,,,,,5.5,,5.5084209,6.5,0,0.008421095,4.75,0.24250002,1.0858256,1.085234,-0.14394401,-0.80700022,-0.66305619
2001m3,16-Mar-01,3.75,5.75,4.7813635,,,,,,5.3064518,,5.3214288,6.3064518,0,0.011904808,4.75,0.031363662,1.1007649,1.1004411,-0.22669135,-0.58545452,-0.35876316
2001m4,15-Apr-01,3.75,5.75,5.0642104,,,,,,4.7833333,,4.8138094,5.7833333,0,0.028095268,4.75,0.3142105,1.1193802,1.1193953,-0.038577706,-0.015999949,0.016607087
2001m5,16-May-01,3.5806451,5.5806451,4.6536365,,,,,,4.2258062,,4.2318182,5.2258062,0,0.004545418,4.5806451,0.074090935,1.1439823,1.1445159,-0.29014209,0.27761903,0.56776112
2001m6,15-Jun-01,3.5,5.5,4.5395241,,,,,,3.9666667,,3.9514287,4.9666667,0,-0.012857096,4.5,0.039523896,1.1714103,1.1720539,-0.33419314,0.33476198,0.66895515
2001m7,16-Jul-01,3.5,5.5,4.5054545,,,,,,3.75,,3.7809525,4.75,0,0.030952374,4.5,0.005454584,1.1608678,1.1616085,-0.52232629,0.25409082,0.77641714
2001m8,16-Aug-01,3.4919355,5.4919353,4.4913044,,,,,,3.6612904,,3.6569564,4.6612902,0,0.004782614,4.4919353,0.002173984,1.1084545,1.1092583,-0.74990582,0.13217382,0.88207966
2001m9,15-Sep-01,3.0333333,5.0333333,3.9865,,,,,,3.2666667,,2.9594736,4.2666669,0,-0.27736843,4.0333333,-0.038499963,1.096132,1.0969797,-0.32665464,0.61549985,0.94215453
2001m10,16-Oct-01,2.75,4.75,3.9713044,,,,,,2.516129,,2.5018182,3.516129,0,-0.020909082,3.75,0.22130433,1.103681,1.1049056,-0.64802468,0.70130444,1.3493291
2001m11,15-Nov-01,2.3833334,4.3833332,3.5072727,,,,,,2.0833333,,2.108,3.0833333,0,0.032999992,3.3833334,0.12090907,1.1261979,1.1274606,-0.22002055,1.1445454,1.364566
2001m12,16-Dec-01,2.25,4.25,3.3388889,,,,,,1.8306452,,1.8155,2.8306451,0,-0.009500021,3.25,0.088888869,1.1216103,1.1230607,-0.28509507,1.28,1.5731025
2002m1,16-Jan-02,2.25,4.25,3.2936363,,,,,,1.75,,1.7509524,2.75,0,0.000952374,3.25,0.043636311,1.1324329,1.1339496,-0.021535147,1.6145453,1.6304526
2002m2,14-Feb-02,2.25,4.25,3.283,,,,,,1.75,,1.7455,2.75,0,-0.004500002,3.25,0.032999955,1.1486809,1.1500635,-0.021318596,1.4430001,1.4643186
2002m3,16-Mar-02,2.25,4.25,3.2639999,,,,,,1.75,,1.7261904,2.75,0,-0.02380953,3.25,0.013999974,1.140576,1.1420262,0.12987943,1.6766666,1.5467873
2002m4,15-Apr-02,2.25,4.25,3.3161905,,,,,,1.75,,1.7586364,2.75,0,0.008636367,3.25,0.066190444,1.1279386,1.1293857,-0.056009885,1.505,1.5610099
2002m5,16-May-02,2.25,4.25,3.3099999,,,,,,1.75,,1.7590909,2.75,0,0.009090912,3.25,0.059999943,1.0896399,1.0910867,0.023513468,1.6391306,1.615617
2002m6,15-Jun-02,2.25,4.25,3.3485,,,,,,1.75,,1.7515,2.75,0,0.001500011,3.25,0.098499931,1.0452951,1.0466981,-0.16534016,1.4680001,1.6333402
2002m7,16-Jul-02,2.25,4.25,3.301739,,,,,,1.75,,1.7368182,2.75,0,-0.0131818,3.25,0.051739082,1.0074041,1.0087655,-0.55795342,1.0860869,1.6440402
2002m8,16-Aug-02,2.25,4.25,3.2927272,,,,,,1.75,,1.7540909,2.75,0,0.004090911,3.25,0.042727232,1.0226337,1.0240021,-0.3751967,1.2527274,1.6279241
2002m9,15-Sep-02,2.25,4.25,3.3185713,,,,,,1.75,,1.7539999,2.75,0,0.004000008,3.25,0.068571396,1.0193138,1.0206403,-0.64138478,0.94190466,1.5832894
2002m10,16-Oct-02,2.25,4.25,3.3004348,,,,,,1.75,,1.7595454,2.75,0,0.009545467,3.25,0.050434735,1.0188414,1.0201725,-0.60252756,0.98695642,1.589484
2002m11,15-Nov-02,2.25,4.25,3.3042858,,,,,,1.3333334,,1.3347368,2.3333333,0,0.005789475,3.25,0.054285686,0.9979803,0.99952787,-0.48848507,1.3985715,1.8870566
2002m12,16-Dec-02,1.8306452,3.8306451,3.0945001,,,,,,1.25,,1.2461904,2.25,0,-0.003809526,2.8306451,0.24450003,0.97906667,0.98040122,-0.61781257,1.0404545,1.658267
2003m1,16-Jan-03,1.75,3.75,2.786818,,,,,,1.25,2.25,1.2557143,2.25,0,0.00571428,2.75,0.036818136,0.94104761,0.9422794,-0.63226056,0.95956528,1.5918258
2003m2,14-Feb-03,1.75,3.75,2.7635,,,,,,1.25,2.25,1.26,2.25,0,0.010000003,2.75,0.013499975,0.92786467,0.92894626,-0.60369837,0.81449997,1.4181983
2003m3,16-Mar-03,1.5483871,3.5483871,2.7490475,,,,,,1.25,2.25,1.2504762,2.25,0,0.000476201,2.5483871,0.20142853,0.9264251,0.927504,-0.51816159,0.89904761,1.4172091
2003m4,15-Apr-03,1.5,3.5,2.5604999,,,,,,1.25,2.25,1.2627273,2.25,0,0.012727272,2.5,0.060499977,0.91955727,0.92056167,-0.38259128,0.94636357,1.3289548
2003m5,16-May-03,1.5,3.5,2.5571427,,,,,,1.25,2.25,1.2685714,2.25,0,0.018571422,2.5,0.057142813,0.86383873,0.86474878,-0.66868931,0.61181825,1.2805076
2003m6,15-Jun-03,1.0833334,3.0833333,2.2133334,,,,,,1.2,2.2023809,1.2295238,2.2,0,0.027142871,2.0833333,0.11809529,0.85704148,0.85782015,-0.39131993,0.71380949,1.1051295
2003m7,16-Jul-03,1,3,2.0782609,,,,,,1,2,1.0213636,2,0,0.021363623,2,0.078260787,0.87868237,0.87947941,-0.22391725,0.87954539,1.1034627
2003m8,16-Aug-03,1,3,2.0980952,,,,,,1,2,1.0095237,2,0,0.009523803,2,0.098095194,0.89685744,0.8976714,0.026743099,1.1309522,1.1042092
2003m9,15-Sep-03,1,3,2.0209091,,,,,,1,2,1.0138096,2,0,0.013809516,2,0.020909028,0.88869196,0.88947761,-0.13193987,0.94363636,1.0755762
2003m10,16-Oct-03,1,3,2.0147827,,,,,,1,2,1.0157895,2,0,0.015789477,2,0.014782568,0.85465699,0.85540724,0.090625443,1.1586955,1.0680701
2003m11,15-Nov-03,1,3,1.9729999,,,,,,1,2,0.99555558,2,0,-0.00444444,2,-0.02700004,0.85379535,0.85454971,0.12367256,1.199,1.0753275
2003m12,16-Dec-03,1,3,2.0566666,,,,,,1,2,0.98636365,2,0,-0.013636356,2,0.056666642,0.81216228,0.81289023,-0.00300877,1.0873913,1.0904001
2004m1,16-Jan-04,1,3,2.0214286,,,,,,1,2,1,2,0,0,2,0.021428546,0.79363275,0.79433322,-0.025439205,1.0486364,1.0740756
2004m2,15-Feb-04,1,3,2.0314999,,,,,,1,2,1.0057895,2,0,0.005789468,2,0.031499971,0.79140621,0.79206276,-0.10412872,0.90500003,1.0091287
2004m3,16-Mar-04,1,3,2.0056522,,,,,,1,2,1.003913,2,0,0.00391304,2,0.005652153,0.81524277,0.81595784,-0.27089089,0.79652172,1.0674126
2004m4,15-Apr-04,1,3,2.0780001,,,,,,1,2,1.0063636,2,0,0.00636363,2,0.077999972,0.8333931,0.83409351,-0.029850101,0.99272728,1.0225774
2004m5,16-May-04,1,3,2.015238,,,,,,1,2,1.001,2,0,0.000999996,2,0.015238069,0.83229333,0.83301502,-0.10057458,0.95428574,1.0548604
2004m6,15-Jun-04,1,3,2.0277271,,,,,,1.0083333,2.0113637,1.0313636,2.0083334,0,0.019999998,2,0.027727246,0.82317227,0.82376832,-0.024927722,0.85636377,0.88129145
2004m7,16-Jul-04,1,3,2.0677273,,,,,,1.25,2.25,1.27,2.25,0,0.019999987,2,0.06772723,0.81540048,0.81589425,0.005858844,0.74318171,0.73732287
2004m8,16-Aug-04,1,3,2.0404546,,,,,,1.4274193,2.4318182,1.4263636,2.4274194,0,-0.005454557,2,0.040454511,0.82033235,0.820701,-6.13684E-05,0.54681814,0.54687953
2004m9,15-Sep-04,1,3,2.0518181,,,,,,1.5833334,2.590909,1.622381,2.5833333,0,0.02714286,2,0.051818155,0.81788343,0.81811047,0.082158625,0.41954535,0.33738673
2004m10,16-Oct-04,1,3,2.1114285,,,,,,1.75,2.75,1.757,2.75,0,0.006999999,2,0.11142852,0.79972947,0.79987794,-0.016147966,0.2090476,0.22519557
2004m11,15-Nov-04,1,3,2.085,,,,,,1.925,2.9204545,1.923,2.925,0,0.01049999,2,0.084999941,0.7690565,0.76905608,-0.0595068,-0.060909152,-0.001402353
2004m12,16-Dec-04,1,3,2.0534782,,,,,,2.1451614,3.152174,2.1608696,3.1451614,0,0.008695644,2,0.053478204,0.7454828,0.74535555,0.083356924,-0.12434795,-0.20770487
2005m1,16-Jan-05,1,3,2.0771427,,,,,,2.25,3.25,2.2944999,3.25,0,0.044499993,2,0.077142797,0.76278037,0.76254827,0.047945548,-0.32190478,-0.36985031
2005m2,14-Feb-05,1,3,2.0585001,,,,,,2.4910715,3.4875,2.4957895,3.4910715,0,0.00894736,2,0.058499943,0.76825333,0.76795989,-0.068691887,-0.53400004,-0.46530816
2005m3,16-Mar-05,1,3,2.0566666,,,,,,2.5806451,3.5869565,2.6295652,3.5806451,0,0.042608697,2,0.056666613,0.75892186,0.75847507,-0.031580124,-0.7478261,-0.71624595
2005m4,15-Apr-05,1,3,2.0757141,,,,,,2.75,3.75,2.7761905,3.75,0,0.026190475,2,0.075714223,0.77263528,0.77207029,-0.046774261,-0.93666673,-0.88989246
2005m5,16-May-05,1,3,2.0699999,,,,,,2.983871,3.9886363,3.0038095,3.983871,0,0.015714282,2,0.069999933,0.78840035,0.78774577,0.004155246,-1.0059091,-1.0100644
2005m6,15-Jun-05,1,3,2.0622725,,,,,,3.0083334,4.0113635,3.0431819,4.0083332,0,0.031818185,2,0.062272668,0.82262152,0.82184237,-0.18431686,-1.3363636,-1.1520468
2005m7,16-Jul-05,1,3,2.0728571,,,,,,3.25,4.25,3.243,4.25,0,-0.007000005,2,0.072857074,0.83003992,0.82910347,-0.011400212,-1.3842858,-1.3728856
2005m8,16-Aug-05,1,3,2.0608695,,,,,,3.4354839,4.4347825,3.4891305,4.4354839,0,0.054347817,2,0.060869493,0.81298059,0.81193608,-0.055257019,-1.6182609,-1.5630039
2005m9,15-Sep-05,1,3,2.0940909,,,,,,3.5916667,4.6022725,3.6419048,4.5916667,0,0.034761894,2,0.094090849,0.81677639,0.81564093,0.095043123,-1.5954546,-1.6904976
2005m10,16-Oct-05,1,3,2.0671427,,,,,,3.75,4.75,3.7625,4.75,0,0.012499988,2,0.067142785,0.83132923,0.82997978,0.44549501,-1.5295238,-1.9750189
2005m11,15-Nov-05,1,3,2.0859091,,,,,,4,5,3.9980001,5,0,-0.001999915,2,0.085909039,0.8477993,0.84642458,0.49751562,-1.4754546,-1.9729702
2005m12,16-Dec-05,1.2096775,3.2096775,2.2757142,,,,,,4.1532259,5.159091,4.1585712,5.1532259,0,0.003809554,2.2096775,0.061428517,0.84329504,0.84187001,0.53475034,-1.5213636,-2.056114
2006m1,16-Jan-06,1.25,3.25,2.3263636,,,,,,4.2580647,5.2613635,4.3000002,5.2580647,0,0.037499975,2.25,0.076363564,0.82517707,0.82370293,0.25782093,-1.9159091,-2.1737299
2006m2,14-Feb-06,1.25,3.25,2.3494999,,,,,,4.5,5.5,4.4905262,5.5,0,-0.0094737,2.25,0.099499941,0.8373844,0.83598715,0.080627501,-1.9495001,-2.0301275
2006m3,16-Mar-06,1.4435484,3.4435484,2.52,,,,,,4.532258,5.5434785,4.5934782,5.532258,0,0.050000068,2.4435484,0.074347757,0.83114445,0.82961851,0.27638569,-1.9573913,-2.233777
2006m4,15-Apr-06,1.5,3.5,2.6283333,,,,,,4.75,5.75,4.7695003,5.75,0,0.019500041,2.5,0.1283333,0.8142544,0.81268066,0.36127797,-1.9914999,-2.352778
2006m5,16-May-06,1.5,3.5,2.576818,,,,,,4.9274192,5.923913,4.931818,5.9274192,0,0.01136368,2.5,0.076818109,0.78316784,0.78154433,0.44202164,-2.0800002,-2.5220218
2006m6,15-Jun-06,1.6333333,3.6333334,2.6977272,,,,,,5.0166669,6.0227275,4.9977274,6.0166669,0,-0.025000008,2.6333334,0.061363589,0.7897104,0.78811759,0.3851552,-2.0685,-2.4536552
2006m7,16-Jul-06,1.75,3.75,2.8138094,,,,,,5.25,6.25,5.25,6.25,0,-4.77E-08,2.75,0.063809462,0.7878772,0.7862038,0.5070461,-2.077143,-2.5841889
2006m8,16-Aug-06,1.9354838,3.9354839,2.9682608,,,,,,5.25,6.25,5.2460871,6.25,0,-0.003913092,2.9354839,0.03347823,0.78078151,0.77926409,0.40375671,-1.9608479,-2.3646045
2006m9,15-Sep-06,2,4,3.0409524,,,,,,5.25,6.25,5.2525001,6.25,0,0.002500057,3,0.040952343,0.78550994,0.78406805,0.54625088,-1.6871428,-2.2333937
2006m10,16-Oct-06,2.1693549,4.1693549,3.2781818,,,,,,5.25,6.25,5.2485714,6.25,0,-0.001428581,3.1693549,0.10772722,0.79230565,0.79095989,0.36424458,-1.7022728,-2.0665174
2006m11,15-Nov-06,2.25,4.25,3.3277273,,,,,,5.25,6.25,5.2515788,6.25,0,0.001578908,3.25,0.077727199,0.77579451,0.77455956,0.36058253,-1.5754546,-1.9360372
2006m12,16-Dec-06,2.4032259,4.4032259,3.5010526,,,,,,5.25,6.25,5.237,6.25,0,-0.013000011,3.4032259,0.10631576,0.75764811,0.75652182,0.39912835,-1.4095238,-1.8086522
2007m1,16-Jan-07,2.5,4.5,3.5631819,,,,,,5.25,6.25,5.2585716,6.25,0,0.008571466,3.5,0.063181758,0.76933098,0.76821315,0.28828448,-1.4795653,-1.7678497
2007m2,14-Feb-07,2.5,4.5,3.5695,,,,,,5.25,6.25,5.2668419,6.25,0,0.01684209,3.5,0.069499947,0.76409572,0.76310623,0.12403007,-1.4514999,-1.5755301
2007m3,16-Mar-07,2.6451614,4.6451612,3.6909091,,,,,,5.25,6.25,5.2609091,6.25,0,0.010909081,3.6451614,0.043181766,0.7547785,0.7538085,0.24557394,-1.3177273,-1.5633012
2007m4,15-Apr-07,2.75,4.75,3.8194735,,,,,,5.25,6.25,5.2433333,6.25,0,-0.006666683,3.75,0.069473617,0.74006063,0.73913938,0.35854122,-1.1561906,-1.5147318
2007m5,16-May-07,2.75,4.75,3.7904544,,,,,,5.25,6.25,5.2495456,6.25,0,-0.000454578,3.75,0.040454496,0.74026346,0.73936594,0.54538792,-0.92999995,-1.4753878
2007m6,15-Jun-07,2.9000001,4.9000001,3.9557142,,,,,,5.25,6.25,5.2538095,6.25,0,0.003809588,3.9000001,0.05095239,0.74493521,0.74415815,0.53309041,-0.73619038,-1.2692808
2007m7,16-Jul-07,3,5,4.0631819,,,,,,5.25,6.25,5.262857,6.25,0,0.012857164,4,0.063181944,0.72882277,0.72804272,0.39584878,-0.90636355,-1.3022122
2007m8,16-Aug-07,3,5,4.0473914,,,,,,5.25,6.0108695,5.0352173,6.0725808,0,-0.21478261,4,0.047391362,0.73395771,0.73316681,0.96762425,-0.34363633,-1.3112606
2007m9,15-Sep-07,3,5,4.0285501,,,,,,5.0333333,5.5250001,4.9663157,5.6999998,0,-0.046842124,4,0.028550018,0.71858233,0.71789056,1.1338028,-0.033999979,-1.1678027
2007m10,16-Oct-07,3,5,3.9414349,,,,,,4.7419353,5.2391305,4.7486362,5.3709679,0,0.009999991,4,-0.058565203,0.7025916,0.70211655,0.76044458,-0.061304308,-0.82174891
2007m11,15-Nov-07,3,5,4.0221362,,,,,,4.5,5,4.4965,5.1333332,0,-0.003499985,4,0.022136353,0.68121868,0.68085325,1.271268,0.61818182,-0.65308619
2007m12,16-Dec-07,3,5,3.8790526,,,,,,4.3306451,4.8214288,4.2189999,4.9919353,0,-0.10599999,4,-0.12094736,0.68722737,0.68685871,1.428407,0.77571434,-0.65269262
2008m1,16-Jan-08,3,5,4.0218182,,,,,,3.9758065,4.445652,3.9314287,4.6048388,0,0.014761902,4,0.021818139,0.67957848,0.6797182,0.84223676,1.0930436,0.25080681
2008m2,15-Feb-08,3,5,4.0278573,,,,,,3,3.5,2.9625001,3.6379311,0,-0.037500001,4,0.027857121,0.67768335,0.67823154,0.71318555,1.6976191,0.98443353
2008m3,16-Mar-08,3,5,4.0910001,,,,,,2.6612904,3.0119047,2.6028571,3.233871,0,-0.039999995,4,0.090999983,0.64410806,0.64488596,0.86673689,2.3366668,1.4699298
2008m4,15-Apr-08,3,5,3.9868181,,,,,,2.2416666,2.4886363,2.2677274,2.6916666,0,0.029090893,4,-0.013181817,0.63473457,0.63548893,0.87305713,2.3190477,1.4459904
2008m5,16-May-08,3,5,4.0096664,,,,,,2,2.25,1.9933333,2.467742,0,-0.006666672,4,0.009666659,0.64267313,0.6436466,0.20293079,2.0463636,1.8434329
2008m6,15-Jun-08,3,5,4.0067143,,,,,,2,2.25,2.0014286,2.4749999,0,0.001428576,4,0.006714242,0.64229625,0.64323848,0.50314987,2.2880952,1.7849454
2008m7,16-Jul-08,3.1854839,5.1854839,4.1908259,,,,,,2,2.25,2.0190909,2.4435484,0,0.019090908,4.1854839,0.006043444,0.63461173,0.63561898,0.70196396,2.6331818,1.9312179
2008m8,16-Aug-08,3.25,5.25,4.2989049,,,,,,2,2.25,1.9861904,2.4919355,0,-0.013809522,4.25,0.048904758,0.66900623,0.67011219,0.55948532,2.5706191,2.0111339
2008m9,15-Sep-08,3.25,5.25,4.2733183,,,,,,2,2.25,1.8642857,2.45,0,-0.13571428,4.25,0.023318183,0.69634002,0.69669849,2.4023809,3.024091,0.62171006
2008m10,16-Oct-08,3.233871,4.4919353,3.8197825,0.84130436,1.3347826,,,,1.5645162,1.7934783,1.0172727,2.0080645,0.99032259,-0.52818179,3.8629031,-0.038913053,0.75377494,0.75373316,2.5483541,2.4531817,-0.095172301
2008m11,15-Nov-08,2.9333334,3.9333334,3.1501999,0.94166666,0.98333335,,,,1,1.25,0.38722223,1.5,0.98333335,-0.61277777,3.4333334,-0.2748,0.78614539,0.78707176,0.84559858,2.2764502,1.4308515
2008m12,16-Dec-08,2.217742,3.217742,2.4864285,0.61290324,0.61290324,,0.25,0,0.54838711,0.85869563,0.17090909,1.0277778,0.61290324,-0.39159092,2.717742,-0.26357144,0.74120665,0.74188977,0.7344017,1.8653182,1.1309165
2009m1,16-Jan-09,1.6451613,3,1.8122381,0.25,0.25,,0.25,0,0.125,0.5,0.15700001,0.5,0.25,0.032000002,2.3225806,-0.49728572,0.75197631,0.75268573,0.16011506,1.3161905,1.1560754
2009m2,14-Feb-09,1,3,1.2571,0.25,0.25,,0.25,0,0.125,0.5,0.22368421,0.5,0.25,0.098684207,2,-0.74290001,0.7810362,0.78133464,0.28600618,0.75150001,0.46549383
2009m3,16-Mar-09,0.66129035,2.6612904,1.0619545,0.25,0.25,,0.25,0,0.125,0.5,0.18272728,0.5,0.25,0.057727274,1.6612903,-0.59713638,0.76559919,0.76567131,0.52276951,0.63772726,0.11495777
2009m4,15-Apr-09,0.30833334,2.3083334,0.84189999,0.25,0.25,,0.25,0,0.125,0.5,0.15318182,0.5,0.25,0.028181819,1.3083333,-0.47060001,0.75647438,0.75662845,0.4043408,0.65142858,0.24708775
2009m5,16-May-09,0.25,1.9435484,0.78210002,0.25,0.25,,0.25,0,0.125,0.5,0.1745,0.5,0.25,0.0495,1.0967742,-0.30540001,0.73164219,0.73180288,0.29915777,0.56790477,0.268747
2009m6,15-Jun-09,0.25,1.75,0.69804543,0.25,0.25,,0.25,0,0.125,0.5,0.20772727,0.5,0.25,0.082727268,1,-0.30195454,0.7136392,0.71378559,0.31272188,0.56227273,0.24955085
2009m7,16-Jul-09,0.25,1.75,0.35756522,0.25,0.25,,0.25,0,0.125,0.5,0.15695652,0.5,0.25,0.031956524,1,-0.64243478,0.70997316,0.70993531,0.29726616,0.23247826,-0.064787909
2009m8,16-Aug-09,0.25,1.75,0.34747618,0.25,0.25,,0.25,0,0.125,0.5,0.16047619,0.5,0.25,0.035476193,1,-0.65252382,0.70100814,0.70099354,0.23860762,0.21333332,-0.025274282
2009m9,15-Sep-09,0.25,1.75,0.36318183,0.25,0.25,,0.25,0,0.125,0.5,0.14619048,0.5,0.25,0.021190478,1,-0.63681817,0.68699002,0.68698949,0.24419653,0.24333334,-0.000863205
2009m10,16-Oct-09,0.25,1.75,0.35868183,0.25,0.25,,0.25,0,0.125,0.5,0.11761905,0.5,0.25,-0.007380955,1,-0.6413182,0.67488158,0.67492002,0.26116908,0.33045453,0.069285452
2009m11,15-Nov-09,0.25,1.75,0.36238095,0.25,0.25,,0.25,0,0.125,0.5,0.12,0.5,0.25,-0.005000003,1,-0.63761908,0.66991633,0.66999131,0.21362323,0.34985715,0.13623391
2009m12,16-Dec-09,0.25,1.75,0.35459092,0.25,0.25,,0.25,0,0.125,0.5,0.11863636,0.5,0.25,-0.006363639,1,-0.64540911,0.68597656,0.68601793,0.2404599,0.31431818,0.073858283
2010m1,16-Jan-10,0.25,1.75,0.34400001,0.25,0.25,,0.25,0,0.125,0.5,0.11684211,0.5,0.25,-0.008157897,1,-0.65600002,0.70086253,0.70090556,0.1874758,0.26199999,0.074524194
2010m2,14-Feb-10,0.25,1.75,0.34060001,0.25,0.25,,0.25,0,0.125,0.57499999,0.12631579,0.57499999,0.25,0.001315787,1,-0.65939999,0.73096979,0.73100775,0.13372909,0.197,0.063270919
2010m3,16-Mar-10,0.25,1.75,0.34765217,0.25,0.25,,0.25,0,0.125,0.75,0.16173913,0.75,0.25,0.036739133,1,-0.6523478,0.73677379,0.73677379,0.15243712,0.15260869,0.000171575
2010m4,15-Apr-10,0.25,1.75,0.35325,0.25,0.25,,0.25,0,0.125,0.75,0.19772728,0.75,0.25,0.07272727,1,-0.64674997,0.744798,0.7447567,0.18683043,0.11954546,-0.067284979
2010m5,16-May-10,0.25,1.75,0.34390476,0.25,0.25,,0.25,0,0.125,0.75,0.2025,0.75,0.25,0.077500001,1,-0.65609527,0.79810512,0.79792547,0.33145484,0.059047621,-0.2724072
2010m6,15-Jun-10,0.25,1.75,0.35427272,0.25,0.25,,0.25,0,0.125,0.75,0.17636363,0.75,0.25,0.05136364,1,-0.64572728,0.8193242,0.81912875,0.45279428,0.16285715,-0.28993714
2010m7,16-Jul-10,0.25,1.75,0.48113635,0.25,0.25,,0.25,0,0.125,0.75,0.18190476,0.75,0.25,0.056904763,1,-0.51886362,0.78120291,0.78119838,0.27288806,0.26681817,-0.006069894
2010m8,16-Aug-10,0.25,1.75,0.4255909,0.25,0.25,,0.25,0,0.125,0.75,0.18954545,0.75,0.25,0.064545453,1,-0.57440913,0.77557009,0.77561492,0.19189151,0.26227272,0.070381217
2010m9,15-Sep-10,0.25,1.75,0.4535909,0.25,0.25,,0.25,0,0.125,0.75,0.19380952,0.75,0.25,0.068809524,1,-0.54640907,0.76416421,0.76422632,0.16670403,0.26619047,0.099486433
2010m10,16-Oct-10,0.25,1.75,0.70128572,0.25,0.25,,0.25,0,0.125,0.75,0.19050001,0.75,0.25,0.065499999,1,-0.29871428,0.71944809,0.71966821,0.13673374,0.50904763,0.37231389
2010m11,15-Nov-10,0.25,1.75,0.59263635,0.25,0.25,,0.25,0,0.125,0.75,0.19500001,0.75,0.25,0.07,1,-0.40736365,0.7334891,0.73367614,0.2889936,0.60136366,0.31237003
2010m12,16-Dec-10,0.25,1.75,0.49813044,0.25,0.25,,0.25,0,0.125,0.75,0.18347827,0.75,0.25,0.058478262,1,-0.50186956,0.75607568,0.75610954,0.51686299,0.57173914,0.054876134
2011m1,16-Jan-11,0.25,1.75,0.65895236,0.25,0.25,,0.25,0,0.125,0.75,0.17300001,0.75,0.25,0.048,1,-0.34104761,0.7480126,0.74818379,0.26113015,0.54190475,0.28077459
2011m2,14-Feb-11,0.25,1.75,0.70710003,0.25,0.25,,0.25,0,0.125,0.75,0.15789475,0.75,0.25,0.032894742,1,-0.2929,0.73200727,0.73224419,0.37146762,0.76550001,0.39403236
2011m3,16-Mar-11,0.25,1.75,0.65869564,0.25,0.25,,0.25,0,0.125,0.75,0.13826087,0.75,0.25,0.013260869,1,-0.34130436,0.71386111,0.71416664,0.33583385,0.85727274,0.5214389
2011m4,15-Apr-11,0.40000001,1.9,0.96610528,0.25,0.25,,0.25,0,0.125,0.75,0.095714286,0.75,0.25,-0.029285712,1.15,-0.17863157,0.69106829,0.69157386,0.10728763,0.99857146,0.89128381
2011m5,16-May-11,0.5,2,1.0333636,0.25,0.25,,0.25,0,0.125,0.75,0.093333334,0.75,0.25,-0.031666663,1.25,-0.21663637,0.69823158,0.69876397,0.19197965,1.1204545,0.92847496
2011m6,15-Jun-11,0.5,2,1.1240455,0.25,0.25,,0.25,0,0.125,0.75,0.090909094,0.75,0.25,-0.034090906,1.25,-0.12595454,0.69425333,0.69480509,0.22124079,1.1881429,0.96690208
2011m7,16-Jul-11,0.65322578,2.1532259,1.0118095,0.25,0.25,,0.25,0,0.125,0.75,0.067999996,0.75,0.25,-0.057,1.4032258,-0.39295238,0.69968498,0.70031285,0.16299786,1.2541904,1.0911926
2011m8,16-Aug-11,0.75,2.25,0.90578258,0.25,0.25,,0.25,0,0.125,0.75,0.097826086,0.75,0.25,-0.027173912,1.5,-0.59421742,0.69744873,0.69776046,0.33714658,0.88047826,0.54333168
2011m9,15-Sep-11,0.75,2.25,1.0054545,0.25,0.25,,0.25,0,0.125,0.75,0.083809525,0.75,0.25,-0.041190475,1.5,-0.49454546,0.7273677,0.72760236,0.54714274,0.93995458,0.39281181
2011m10,16-Oct-11,0.75,2.25,0.95957142,0.25,0.25,,0.25,0,0.125,0.75,0.071999997,0.75,0.25,-0.052999999,1.5,-0.54042858,0.72870839,0.72895765,0.58635312,1.0028095,0.4164564
2011m11,15-Nov-11,0.56666666,2.0666666,0.78999996,0.25,0.25,,0.25,0,0.125,0.75,0.082000002,0.75,0.25,-0.043000001,1.3166667,-0.52818185,0.73772669,0.73774934,1.1922668,1.2315239,0.039256971
2011m12,16-Dec-11,0.3548387,1.8548387,0.6270476,0.25,0.25,,0.25,0,0.125,0.75,0.071428575,0.75,0.25,-0.053571429,1.1048387,-0.48009524,0.76064807,0.76032567,1.0240082,0.50945455,-0.51455361
2012m1,16-Jan-12,0.25,1.75,0.38004544,0.25,0.25,,0.25,0,0.125,0.75,0.0845,0.75,0.25,-0.0405,1,-0.61995453,0.774629,0.77455932,0.42430303,0.315,-0.10930303
2012m2,15-Feb-12,0.25,1.75,0.36561903,0.25,0.25,,0.25,0,0.125,0.75,0.105,0.75,0.25,-0.02,1,-0.63438094,0.75552225,0.75546873,0.26481989,0.1785,-0.086319901
2012m3,16-Mar-12,0.25,1.75,0.35672727,0.25,0.25,,0.25,0,0.125,0.75,0.12727273,0.75,0.25,0.002272727,1,-0.64327276,0.75683701,0.75671834,0.26117939,0.070454545,-0.19072485
2012m4,15-Apr-12,0.25,1.75,0.34510526,0.25,0.25,,0.25,0,0.125,0.75,0.1452381,0.75,0.25,0.020238096,1,-0.65489477,0.75964773,0.75955081,0.24013281,0.084952377,-0.15518044
2012m5,16-May-12,0.25,1.75,0.33700001,0.25,0.25,,0.25,0,0.125,0.75,0.15636364,0.75,0.25,0.031363636,1,-0.66299999,0.78237432,0.78229338,0.15449239,0.028681818,-0.12581058
2012m6,15-Jun-12,0.25,1.75,0.33204761,0.25,0.25,,0.25,0,0.125,0.75,0.16190477,0.75,0.25,0.036904763,1,-0.66795236,0.79695749,0.79679763,0.317002,0.072857141,-0.24414486
2012m7,16-Jul-12,0.080645159,1.5806452,0.18422727,0.25,0.25,,0.25,0,0.125,0.75,0.15857144,0.75,0.25,0.03357143,0.83064514,-0.64531815,0.81357759,0.81328446,0.36669016,-0.071500003,-0.43819016
2012m8,16-Aug-12,0,1.5,0.11008696,0.25,0.25,,0.25,0,0.125,0.75,0.13217391,0.75,0.25,0.007173909,0.75,-0.63991302,0.80609322,0.80584502,0.24801949,-0.12654546,-0.37456495
2012m9,15-Sep-12,0,1.5,0.099299997,0.25,0.25,,0.25,0,0.125,0.75,0.14947368,0.75,0.25,0.024473686,0.75,-0.65069997,0.7769025,0.77667898,0.21642019,-0.13335,-0.34977019
2012m10,16-Oct-12,0,1.5,0.090695649,0.25,0.25,,0.25,0,0.125,0.75,0.15909091,0.75,0.25,0.03409091,0.75,-0.65930432,0.77103961,0.7708267,0.2192218,-0.11673913,-0.33596092
2012m11,15-Nov-12,0,1.5,0.078500003,0.25,0.25,,0.25,0,0.125,0.75,0.161,0.75,0.25,0.035999998,0.75,-0.67149997,0.77895808,0.77874577,0.22644022,-0.10522727,-0.33166748
2012m12,16-Dec-12,0,1.5,0.073421054,0.25,0.25,,0.25,0,0.125,0.75,0.163,0.75,0.25,0.037999999,0.75,-0.67657894,0.7618413,0.76156747,0.3777217,-0.059790477,-0.43751216
2013m1,16-Jan-13,0,1.5,0.068999998,0.25,0.25,,0.25,0,0.125,0.75,0.14428571,0.75,0.25,0.019285714,0.75,-0.68099999,0.75186437,0.75168973,0.22288986,-0.059347827,-0.28223768
2013m2,14-Feb-13,0,1.5,0.067649998,0.25,0.25,,0.25,0,0.125,0.75,0.14210527,0.75,0.25,0.017105263,0.75,-0.68234998,0.7498399,0.74969327,0.1577433,-0.079999998,-0.2377433
2013m3,16-Mar-13,0,1.5,0.066950001,0.25,0.25,,0.25,0,0.125,0.75,0.14619048,0.75,0.25,0.021190478,0.75,-0.68304998,0.77185291,0.77168518,0.19630969,-0.068095237,-0.26440492
2013m4,15-Apr-13,0,1.5,0.081,0.25,0.25,,0.25,0,0.125,0.75,0.145,0.75,0.25,0.020000003,0.75,-0.66899997,0.76778048,0.76763093,0.18914486,-0.047772728,-0.2369176
2013m5,16-May-13,0,1.1129032,0.078727275,0.25,0.25,,0.25,0,0.125,0.75,0.10863636,0.75,0.25,-0.016363636,0.55645162,-0.46672726,0.77033257,0.77019745,0.18004858,-0.033409089,-0.21345767
2013m6,15-Jun-13,0,1,0.086149998,0.25,0.25,,0.25,0,0.125,0.75,0.0955,0.75,0.25,-0.029499998,0.5,-0.41385001,0.75765753,0.75754827,0.15747195,-0.01805,-0.17552195
2013m7,16-Jul-13,0,1,0.093130432,0.25,0.25,,0.25,0,0.125,0.75,0.092272729,0.75,0.25,-0.032727271,0.5,-0.40686956,0.7639969,0.76390934,0.13662563,-0.002727273,-0.13935292
2013m8,16-Aug-13,0,1,0.082000002,0.25,0.25,,0.25,0,0.125,0.75,0.082727276,0.75,0.25,-0.042272728,0.5,-0.41800001,0.75083637,0.75075537,0.14078183,0.009500001,-0.13128184
2013m9,15-Sep-13,0,1,0.080333337,0.25,0.25,,0.25,0,0.125,0.75,0.081,0.75,0.25,-0.044,0.5,-0.41966668,0.74849355,0.74842864,0.16335742,0.058047619,-0.1053098
2013m10,16-Oct-13,0,1,0.093347825,0.25,0.25,,0.25,0,0.125,0.75,0.085454546,0.75,0.25,-0.039545454,0.5,-0.40665218,0.733338,0.73327368,0.11290444,0.006363636,-0.10654081
2013m11,15-Nov-13,0,0.85000002,0.10309524,0.25,0.25,,0.25,0,0.125,0.75,0.084736846,0.75,0.25,-0.040263157,0.42500001,-0.31952381,0.74089092,0.74085307,0.052734967,-0.009238095,-0.061973061
2013m12,16-Dec-13,0,0.75,0.16865,0.25,0.25,,0.25,0,0.125,0.75,0.086190477,0.75,0.25,-0.038809523,0.375,-0.20635,0.72978979,0.72983271,-0.015893396,0.055727273,0.071620665
2014m1,16-Jan-14,0,0.75,0.19609091,0.25,0.25,,0.25,0,0.125,0.75,0.071428575,0.75,0.25,-0.053571429,0.375,-0.17890909,0.73408979,0.7341103,0.046923824,0.08086957,0.033945743
2014m2,14-Feb-14,0,0.75,0.1567,0.25,0.25,,0.25,0,0.125,0.75,0.067368418,0.75,0.25,-0.057631578,0.375,-0.2183,0.73157424,0.73158419,0.062984414,0.079599999,0.016615588
2014m3,16-Mar-14,0,0.75,0.19185714,0.25,0.25,,0.25,0,0.125,0.75,0.07904762,0.75,0.25,-0.045952383,0.375,-0.18314286,0.72331101,0.72334367,0.074114487,0.12904762,0.054933134
2014m4,15-Apr-14,0,0.75,0.25385001,0.25,0.25,,0.25,0,0.125,0.75,0.090454549,0.75,0.25,-0.034545451,0.375,-0.12115,0.72403389,0.72409165,0.052850898,0.14995238,0.097101487
2014m5,16-May-14,0,0.75,0.24804762,0.25,0.25,,0.25,0,0.125,0.75,0.087142862,0.75,0.25,-0.037857141,0.375,-0.12695238,0.72823089,0.7282902,-0.002722632,0.096454546,0.099177174
2014m6,15-Jun-14,-0.06666667,0.51666665,0.075761907,0.25,0.25,,0.25,0,0.125,0.75,0.095714286,0.75,0.25,-0.029285712,0.22500001,-0.14923809,0.73528659,0.73523009,0.094340213,0.000857144,-0.093483068
2014m7,16-Jul-14,-0.1,0.40000001,0.043260869,0.25,0.25,,0.25,0,0.125,0.75,0.091363639,0.75,0.25,-0.033636361,0.15000001,-0.10673913,0.73871648,0.73863184,0.11928748,-0.020217391,-0.13950488
2014m8,16-Aug-14,-0.1,0.40000001,0.017904762,0.25,0.25,,0.25,0,0.125,0.75,0.089047626,0.75,0.25,-0.035952378,0.15000001,-0.13209525,0.75110781,0.75100183,0.13884881,-0.032619048,-0.17146786
2014m9,15-Sep-14,-0.17,0.33000001,0.006590909,0.25,0.25,,0.25,0,0.125,0.75,0.088571429,0.75,0.25,-0.036428567,0.080000006,-0.075227275,0.77558172,0.7754156,0.19626415,-0.064363636,-0.26062778
2014m10,16-Oct-14,-0.2,0.30000001,-0.004478261,0.25,0.25,,0.25,0,0.125,0.75,0.088636369,0.75,0.25,-0.036363631,0.050000004,-0.054478265,0.78854823,0.78838849,0.18731873,-0.059130434,-0.24644916
2014m11,15-Nov-14,-0.2,0.30000001,-0.01155,0.25,0.25,,0.25,0,0.125,0.75,0.094999999,0.75,0.25,-0.029999997,0.050000004,-0.061550006,0.80163616,0.80146575,0.21221007,-0.046499997,-0.25871006
2014m12,16-Dec-14,-0.2,0.30000001,-0.030142857,0.25,0.25,,0.25,0,0.125,0.75,0.12136363,0.75,0.25,-0.003636367,0.050000004,-0.080142863,0.81263,0.81241345,0.25936157,-0.064304344,-0.32366592
2015m1,16-Jan-15,-0.2,0.30000001,-0.050619047,0.25,0.25,,0.25,0,0.125,0.75,0.1165,0.75,0.25,-0.008500002,0.050000004,-0.10061906,0.86031771,0.86006367,0.1719216,-0.18786363,-0.35978523
2015m2,14-Feb-15,-0.2,0.30000001,-0.035999998,0.25,0.25,,0.25,0,0.125,0.75,0.11368421,0.75,0.25,-0.011315791,0.050000004,-0.086000003,0.88077962,0.88051349,0.12687261,-0.24065,-0.3675226
2015m3,16-Mar-15,-0.2,0.30000001,-0.050363638,0.25,0.25,,0.25,0,0.125,0.75,0.11363636,0.75,0.25,-0.011363638,0.050000004,-0.10036364,0.92378336,0.92342931,0.18888298,-0.27754545,-0.46642843
2015m4,15-Apr-15,-0.2,0.30000001,-0.074500002,0.25,0.25,,0.25,0,0.125,0.75,0.12454545,0.75,0.25,-0.000454549,0.050000004,-0.12450001,0.92461658,0.92426378,0.14103711,-0.32318181,-0.46421894
2015m5,16-May-15,-0.2,0.30000001,-0.10575,0.25,0.25,,0.25,0,0.125,0.75,0.1245,0.75,0.25,-0.000500004,0.050000004,-0.15575001,0.89647013,0.89610928,0.13930559,-0.35019049,-0.48949608
2015m6,15-Jun-15,-0.2,0.30000001,-0.1185,0.25,0.25,,0.25,0,0.125,0.75,0.12863636,0.75,0.25,0.00363636,0.050000004,-0.16850001,0.89012766,0.8897801,0.19427861,-0.28081819,-0.47509679
2015m7,16-Jul-15,-0.2,0.30000001,-0.11769565,0.25,0.25,,0.25,0,0.125,0.75,0.13043478,0.75,0.25,0.00543478,0.050000004,-0.16769566,0.90927023,0.90889865,0.14493276,-0.35226086,-0.49719363
2015m8,16-Aug-15,-0.2,0.30000001,-0.12128571,0.25,0.25,,0.25,0,0.125,0.75,0.14190477,0.75,0.25,0.016904766,0.050000004,-0.17128572,0.89751059,0.89713514,0.15547137,-0.35380954,-0.50928092
2015m9,15-Sep-15,-0.2,0.30000001,-0.13568182,0.25,0.25,,0.25,0,0.125,0.75,0.1352381,0.75,0.25,0.010238095,0.050000004,-0.18568182,0.88996542,0.88953084,0.27131924,-0.32281819,-0.59413743
2015m10,16-Oct-15,-0.2,0.30000001,-0.13890909,0.25,0.25,,0.25,0,0.125,0.75,0.12428571,0.75,0.25,-0.00071429,0.050000004,-0.1889091,0.89142025,0.89103436,0.22216122,-0.30477273,-0.52693397
2015m11,15-Nov-15,-0.2,0.30000001,-0.13466667,0.25,0.25,,0.25,0,0.125,0.75,0.11894736,0.75,0.25,-0.006052634,0.050000004,-0.18466666,0.93213803,0.93164372,0.16783257,-0.47557142,-0.64340401
2015m12,16-Dec-15,-0.27419356,0.30000001,-0.19895455,0.37096775,0.37096775,,0.37903225,0.12903225,0.25403225,0.86956519,0.23181818,0.86956519,0.37096775,-0.018181814,0.012903227,-0.21259092,0.91762286,0.91671306,0.51726449,-0.6889565,-1.206221
2016m1,16-Jan-16,-0.30000001,0.30000001,-0.2387,0.5,0.5,,0.5,0.25,0.375,1,0.36263159,1,0.5,-0.012368414,0,-0.2387,0.92029363,0.91959375,0.16449662,-0.76071429,-0.92521089
2016m2,15-Feb-16,-0.30000001,0.30000001,-0.24038096,0.5,0.5,,0.5,0.25,0.375,1,0.37399998,1,0.5,-0.001000004,0,-0.24038096,0.90068287,0.90000445,0.17819977,-0.73757142,-0.91577119
2016m3,16-Mar-16,-0.35161293,0.27419356,-0.28771427,0.5,0.5,,0.5,0.25,0.375,1,0.36130434,1,0.5,-0.013695644,-0.038709678,-0.252,0.89764857,0.89680803,0.29593241,-0.84299999,-1.1389325
2016m4,15-Apr-16,-0.40000001,0.25,-0.33780953,0.5,0.5,,0.5,0.25,0.375,1,0.36666667,1,0.5,-0.008333328,-0.075000003,-0.26280951,0.88190478,0.88112307,0.27649456,-0.80199999,-1.0784945
2016m5,16-May-16,-0.40000001,0.25,-0.338,0.5,0.5,,0.5,0.25,0.375,1,0.36619049,1,0.5,-0.00880952,-0.075000003,-0.26300001,0.88519013,0.88436353,0.30669716,-0.82913637,-1.1358335
2016m6,15-Jun-16,-0.40000001,0.25,-0.33254546,0.5,0.5,,0.5,0.25,0.375,1,0.37681818,1,0.5,0.001818183,-0.075000003,-0.25754544,0.88961923,0.88855094,0.60975099,-0.85104543,-1.4607965
2016m7,16-Jul-16,-0.40000001,0.25,-0.32876191,0.5,0.5,,0.5,0.25,0.375,1,0.3955,1,0.5,0.020500006,-0.075000003,-0.25376189,0.90382671,0.90272558,0.46706298,-1.0150477,-1.4821106
2016m8,16-Aug-16,-0.40000001,0.25,-0.33882609,0.5,0.5,,0.5,0.25,0.375,1,0.39565217,1,0.5,0.020652181,-0.075000003,-0.26382607,0.89247328,0.89137697,0.42739904,-1.0668261,-1.4942251
2016m9,15-Sep-16,-0.40000001,0.25,-0.34299999,0.5,0.5,,0.5,0.25,0.375,1,0.39476192,1,0.5,0.019761911,-0.075000003,-0.26800001,0.8918364,0.89061266,0.62958533,-1.0398182,-1.6694036
2016m10,16-Oct-16,-0.40000001,0.25,-0.34661904,0.5,0.5,,0.5,0.25,0.375,1,0.4025,1,0.5,0.0275,-0.075000003,-0.27161905,0.90718627,0.9060263,0.40943003,-1.1468096,-1.5562396
2016m11,15-Nov-16,-0.40000001,0.25,-0.34872729,0.5,0.5,,0.5,0.25,0.375,1,0.405,1,0.5,0.029999997,-0.075000003,-0.27372727,0.92745477,0.92634249,0.24547672,-1.2120454,-1.4575222
2016m12,16-Dec-16,-0.40000001,0.25,-0.35042858,0.63709676,0.63709676,,0.64516127,0.3951613,0.52016127,1.1363636,0.53571427,1.1363636,0.63709676,0.017857155,-0.075000003,-0.27542856,0.94906062,0.9471432,1.041213,-1.4154181,-2.4566312
2017m1,16-Jan-17,-0.40000001,0.25,-0.35154545,0.75,0.75,,0.75,0.5,0.625,1.25,0.65500003,1.25,0.75,0.030000025,-0.075000003,-0.27654546,0.9409107,0.93971068,0.16860224,-1.382,-1.5506022
2017m2,14-Feb-17,-0.40000001,0.25,-0.35284999,0.75,0.75,,0.75,0.5,0.625,1.25,0.65526319,1.25,0.75,0.030263182,-0.075000003,-0.27785,0.93979663,0.93877792,-0.041662622,-1.3601,-1.3184373
2017m3,16-Mar-17,-0.40000001,0.25,-0.35347825,0.87903225,0.87903225,,0.87903225,0.62903225,0.75403225,1.3804348,0.78652179,1.3804348,0.87903225,0.031086981,-0.075000003,-0.27847826,0.93576628,0.93430668,0.20472708,-1.6933043,-1.8980315
2017m4,15-Apr-17,-0.40000001,0.25,-0.35688889,1,1,,1,0.75,0.875,1.5,0.90600002,1.5,1,0.031000024,-0.075000003,-0.28188887,0.93322313,0.93188852,0.065963931,-1.6744,-1.740364
2017m5,16-May-17,-0.40000001,0.25,-0.35886365,1,1,,1,0.75,0.875,1.5,0.90636367,1.5,1,0.031363662,-0.075000003,-0.28386363,0.90456009,0.90321815,-0.00191305,-1.8073913,-1.8054782
2017m6,15-Jun-17,-0.40000001,0.25,-0.35868183,1.1333333,1.1333333,,1.1333333,0.88333333,1.0083333,1.6363636,1.0418181,1.6363636,1.1333333,0.030454539,-0.075000003,-0.28368181,0.88992548,0.88841784,0.18208916,-1.8789545,-2.0610437
2017m7,16-Jul-17,-0.40000001,0.25,-0.35947618,1.25,1.25,,1.25,1,1.125,1.75,1.1554999,1.75,1.25,0.030499971,-0.075000003,-0.28447619,0.86731452,0.86589599,0.14373976,-1.8464285,-1.9901683
2017m8,16-Aug-17,-0.40000001,0.25,-0.35582608,1.25,1.25,,1.25,1,1.125,1.75,1.1560869,1.75,1.25,0.031086927,-0.075000003,-0.28082609,0.84618366,0.84481937,0.20307052,-1.7584348,-1.9615053
2017m9,15-Sep-17,-0.40000001,0.25,-0.35814285,1.25,1.25,,1.25,1,1.125,1.75,1.155,1.75,1.25,0.029999966,-0.075000003,-0.28314286,0.83991963,0.83852196,0.23694164,-1.7872857,-2.0242274
2017m10,16-Oct-17,-0.40000001,0.25,-0.359,1.25,1.25,,1.25,1,1.125,1.75,1.1557143,1.75,1.25,0.030714257,-0.075000003,-0.28400001,0.85076082,0.84936768,0.089357451,-1.9030454,-1.9924029
2017m11,15-Nov-17,-0.40000001,0.25,-0.34918183,1.25,1.25,,1.25,1,1.125,1.75,1.1557143,1.75,1.25,0.030714257,-0.075000003,-0.27418181,0.851583,0.85017359,-0.11052492,-2.1253181,-2.0147932
2017m12,16-Dec-17,-0.40000001,0.25,-0.34226316,1.3951613,1.3951613,,1.3951613,1.1451613,1.2701613,1.8928572,1.2984999,1.8928572,1.3951613,0.035999965,-0.075000003,-0.26726314,0.84480023,0.84231919,1.1765454,-2.3946667,-3.5712121
2018m1,16-Jan-18,-0.40000001,0.25,-0.36236364,1.5,1.5,,1.5,1.25,1.375,2,1.4161904,2,1.5,0.041190438,-0.075000003,-0.28736365,0.82032108,0.81880951,0.080403917,-2.1613913,-2.2417953
2018m2,14-Feb-18,-0.40000001,0.25,-0.36469999,1.5,1.5,,1.5,1.25,1.375,2,1.4163158,2,1.5,0.041315749,-0.075000003,-0.2897,0.810139,0.80864716,-0.049171664,-2.2887001,-2.2395284
2018m3,16-Mar-18,-0.40000001,0.25,-0.36390477,1.5806452,1.5806452,,1.5806452,1.3306452,1.4556452,2.0795455,1.5054545,2.0795455,1.5806452,0.050909054,-0.075000003,-0.28890476,0.81065422,0.80859643,0.5948754,-2.4936364,-3.0885117
2018m4,15-Apr-18,-0.40000001,0.25,-0.36570001,1.75,1.75,,1.75,1.5,1.625,2.25,1.692381,2.25,1.75,0.067381002,-0.075000003,-0.29069999,0.8149581,0.81317574,0.15616283,-2.5044,-2.6605628
2018m5,16-May-18,-0.40000001,0.25,-0.36250001,1.75,1.75,,1.75,1.5,1.625,2.25,1.7,2.25,1.75,0.075000048,-0.075000003,-0.28749999,0.84666395,0.84481001,0.13409245,-2.5297825,-2.6638751
2018m6,15-Jun-18,-0.40000001,0.25,-0.3617619,1.8633333,1.8633333,,1.8916667,1.6416667,1.7666667,2.3928571,1.8209524,2.3928571,1.8633333,0.05309524,-0.075000003,-0.28676191,0.8567816,0.8547712,0.30265695,-2.5526667,-2.8553236
2018m7,16-Jul-18,-0.40000001,0.25,-0.3635909,1.95,1.95,,2,1.75,1.875,2.5,1.91,2.5,1.95,0.034999967,-0.075000003,-0.28859091,0.85571432,0.85376835,0.15422438,-2.6126819,-2.7669063
2018m8,16-Aug-18,-0.40000001,0.25,-0.35913044,1.95,1.95,,2,1.75,1.875,2.5,1.9147825,2.5,1.95,0.039782573,-0.075000003,-0.28413042,0.86606383,0.86414832,0.015942844,-2.6745217,-2.6904645
2018m9,15-Sep-18,-0.40000001,0.25,-0.36270002,1.9833333,1.9833333,,2.0333333,1.7833333,1.9083333,2.5250001,1.9489473,2.5250001,1.9833333,0.047631547,-0.075000003,-0.2877,0.85767382,0.85564303,0.14192231,-2.7390501,-2.8809724
2018m10,16-Oct-18,-0.40000001,0.25,-0.36604348,2.2,2.2,,2.25,2,2.125,2.75,2.1881819,2.75,2.2,0.063181877,-0.075000003,-0.29104346,0.87176806,0.86963433,-0.00382512,-2.9819047,-2.9780796
2018m11,15-Nov-18,-0.40000001,0.25,-0.36131817,2.2,2.2,,2.25,2,2.125,2.75,2.1990001,2.75,2.2,0.074000046,-0.075000003,-0.28631818,0.88068557,0.87861985,-0.26901615,-3.1227059,-2.8536897
2018m12,16-Dec-18,-0.40000001,0.25,-0.36047369,2.2774193,2.2774193,,2.3467741,2.0967741,2.2217741,2.8452382,2.267,2.8452382,2.2774193,0.054500066,-0.075000003,-0.28547367,0.87884802,0.87617409,0.52818882,-3.1728752,-3.7010639
2019m1,16-Jan-19,-0.40000001,0.25,-0.36699998,2.4000001,2.4000001,,2.5,2.25,2.375,3,2.4000001,3,2.4000001,0.025000095,-0.075000003,-0.292,0.87567443,0.87341136,0.27351746,-2.8708668,-3.1443841
2019m2,14-Feb-19,-0.40000001,0.25,-0.36704999,2.4000001,2.4000001,,2.5,2.25,2.375,3,2.4000001,3,2.4000001,0.025000095,-0.075000003,-0.29205,0.88120878,0.87913394,-0.11078031,-2.9756429,-2.8648627
2019m3,16-Mar-19,-0.40000001,0.25,-0.36785713,2.4000001,2.4000001,,2.5,2.25,2.375,3,2.4038095,3,2.4000001,0.028809616,-0.075000003,-0.29285714,0.88545275,0.88302433,0.35835168,-2.9786155,-3.3369672
2019m4,15-Apr-19,-0.40000001,0.25,-0.36700001,2.4000001,2.4000001,,2.5,2.25,2.375,3,2.423182,3,2.4000001,0.048181891,-0.075000003,-0.292,0.8896383,0.88728625,0.25080362,-2.9657145,-3.2165179
2019m5,16-May-19,-0.40000001,0.25,-0.36659092,2.3516128,2.3516128,,2.5,2.25,2.375,3,2.3927274,3,2.3516128,0.017727375,-0.075000003,-0.2915909,0.89428347,0.89196289,0.19906259,-2.9583077,-3.1573703
2019m6,15-Jun-19,-0.40000001,0.25,-0.36155,2.3499999,2.3499999,,2.5,2.25,2.375,3,2.3755,3,2.3499999,0.0005,-0.075000003,-0.28655002,0.88622135,0.88390905,0.38850364,-2.7860832,-3.174587
2019m7,16-Jul-19,-0.40000001,0.25,-0.36682609,2.3499999,2.3499999,,2.5,2.25,2.375,3,2.4027274,3,2.3499999,0.027727365,-0.075000003,-0.29182607,0.89238846,0.89008635,0.44163725,-2.6973333,-3.1389706
2019m8,16-Aug-19,-0.40000001,0.25,-0.36122727,2.0999999,2.0999999,,2.25,2,2.125,2.75,2.125,2.75,2.0999999,-2.17E-08,-0.075000003,-0.28622729,0.89783746,0.89566052,0.3086327,-2.6415834,-2.9502161
2019m9,15-Sep-19,-0.44333333,0.25,-0.40323809,1.9799999,1.9799999,,2.1500001,1.9,2.0250001,2.6547618,2.0525,2.6547618,1.9799999,0.027500033,-0.096666671,-0.30680951,0.90885234,0.90662819,0.36866552,-2.6088462,-2.9775116
2019m10,16-Oct-19,-0.5,0.25,-0.46421739,1.7919354,1.7919354,,1.9919355,1.7419355,1.8669355,2.4891305,1.83,2.4891305,1.7919354,-0.033636332,-0.125,-0.33921739,0.90507978,0.90310544,0.37098721,-2.2821429,-2.6531301
2019m11,15-Nov-19,-0.5,0.25,-0.45128572,1.55,1.55,,1.75,1.5,1.625,2.25,1.5526315,2.25,1.55,-0.072368465,-0.125,-0.32628572,0.90515876,0.90341675,0.17159992,-2.1699166,-2.3415165
2019m12,16-Dec-19,-0.5,0.25,-0.4562,1.55,1.55,,1.75,1.5,1.625,2.25,1.5509523,2.25,1.55,-0.07404767,-0.125,-0.3312,0.89975888,0.89759344,0.66796863,-2.2593999,-2.9273686
2020m1,16-Jan-20,-0.5,0.25,-0.45268181,1.5532258,1.5532258,,1.75,1.5,1.625,2.25,1.5519047,2.25,1.5532258,-0.073095277,-0.125,-0.32768181,0.90061843,0.89888263,0.19977355,-2.1456153,-2.3453889
2020m2,15-Feb-20,-0.5,0.25,-0.4533,1.6,1.6,,1.75,1.5,1.625,2.25,1.5836842,2.25,1.6,-0.041315749,-0.125,-0.3283,0.91711736,0.91545796,0.063073598,-2.1382501,-2.2013237
2020m3,16-Mar-20,-0.5,0.25,-0.44881818,0.63225806,0.63225806,,0.78225809,0.53225809,0.65725809,0.97727275,0.62545455,0.97727275,0.63225806,0.000454561,-0.125,-0.32381818,0.90407914,0.90253568,1.1018639,-0.97452939,-2.0763931
2020m4,15-Apr-20,-0.5,0.25,-0.45155001,0.1,0.1,,0.25,0,0.125,0.25,0.048636366,0.25,0.1,-0.076363638,-0.125,-0.32655001,0.91979152,0.91907537,0.18596977,-0.7615,-0.94746977
2020m5,16-May-20,-0.5,0.25,-0.45675001,0.1,0.1,,0.25,0,0.125,0.25,0.050000001,0.25,0.1,-0.075000003,-0.125,-0.33175001,0.91799974,0.91744679,0.06757699,-0.66523075,-0.73280776
2020m6,15-Jun-20,-0.5,0.25,-0.46072727,0.1,0.1,,0.25,0,0.125,0.25,0.076818183,0.25,0.1,-0.048181817,-0.125,-0.33572727,0.88793695,0.88731676,0.14986596,-0.70007145,-0.84993738
2020m7,16-Jul-20,-0.5,0.25,-0.46486956,0.1,0.1,,0.25,0,0.125,0.25,0.093478262,0.25,0.1,-0.031521738,-0.125,-0.33986956,0.87196964,0.87135834,0.14312699,-0.70961541,-0.85274237
2020m8,16-Aug-20,-0.5,0.25,-0.46771428,0.1,0.1,,0.25,0,0.125,0.25,0.094761908,0.25,0.1,-0.030238094,-0.125,-0.34271428,0.84572208,0.84516239,0.13910389,-0.66600001,-0.8051039
2020m9,15-Sep-20,-0.5,0.25,-0.46895453,0.1,0.1,,0.25,0,0.125,0.25,0.090000004,0.25,0.1,-0.034999996,-0.125,-0.34395453,0.84871078,0.84812862,0.12505391,-0.70964289,-0.83469677
2020m10,16-Oct-20,-0.5,0.25,-0.46936363,0.1,0.1,,0.25,0,0.125,0.25,0.090000004,0.25,0.1,-0.034999996,-0.125,-0.34436363,0.84874266,0.84817588,0.045659829,-0.76683336,-0.81249321
2020m11,15-Nov-20,-0.5,0.25,-0.47133332,0.1,0.1,,0.25,0,0.125,0.25,0.086842105,0.25,0.1,-0.038157891,-0.125,-0.34633332,0.84548366,0.84485269,0.097873084,-0.81078571,-0.9086588
2020m12,16-Dec-20,-0.5,0.25,-0.47245455,0.1,0.1,,0.25,0,0.125,0.25,0.090000004,0.25,0.1,-0.034999996,-0.125,-0.34745455,0.82146454,0.82050085,0.5660401,-0.8609286,-1.4269687
2021m1,16-Jan-21,-0.5,0.25,-0.47834998,0.1,0.1,,0.25,0,0.125,0.25,0.085263163,0.25,0.1,-0.039736841,-0.125,-0.35334998,0.82133007,0.82076395,0.1218718,-0.71674997,-0.8386218
2021m2,14-Feb-21,-0.5,0.25,-0.47874999,0.1,0.1,,0.25,0,0.125,0.25,0.075789474,0.25,0.1,-0.049210526,-0.125,-0.35374999,0.82661837,0.82614017,0.031463698,-0.67241669,-0.70388037
2021m3,16-Mar-21,-0.5,0.25,-0.47934783,0.1,0.1,,0.25,0,0.125,0.25,0.069565214,0.25,0.1,-0.055434782,-0.125,-0.35434783,0.84042227,0.83981633,0.21471547,-0.66280001,-0.87751544
2021m4,15-Apr-21,-0.5,0.25,-0.4808,0.1,0.1,,0.25,0,0.125,0.25,0.068636365,0.25,0.1,-0.056363635,-0.125,-0.3558,0.84040713,0.83987975,0.096328966,-0.66716665,-0.76349562
2021m5,16-May-21,-0.5,0.25,-0.47971427,0.1,0.1,,0.25,0,0.125,0.25,0.059499998,0.25,0.1,-0.065499999,-0.125,-0.35471427,,,,,
2021m6,15-Jun-21,-0.5,0.25,-0.47959089,0.12333333,0.12333333,,0.25,0,0.125,0.25,0.077272728,0.25,0.12333333,-0.047727272,-0.125,-0.35459089,,,,,
2021m7,16-Jul-21,-0.5,0.25,-0.48122728,0.15000001,0.15000001,0.15000001,0.25,0,0.125,0.25,0.098571427,0.25,0.15000001,-0.026428569,-0.125,-0.35622728,,,,,
2021m8,16-Aug-21,-0.5,0.25,-0.48290908,,,0.15000001,0.25,0,0.125,0.25,0.093181819,0.25,0.15000001,-0.031818181,-0.125,-0.35790908,,,,,
2021m9,15-Sep-21,-0.5,0.25,-0.48504546,,,0.15000001,0.25,0,0.125,0.25,0.07904762,0.25,0.15000001,-0.045952383,-0.125,-0.36004546,,,,,
2021m10,16-Oct-21,-0.5,0.25,-0.48557144,,,0.15000001,0.25,0,0.125,0.25,0.079499997,0.25,0.15000001,-0.045500003,-0.125,-0.36057144,,,,,
2021m11,15-Nov-21,-0.5,0.25,-0.48800001,,,0.15000001,0.25,0,0.125,0.25,0.079499997,0.25,0.15000001,-0.045500003,-0.125,-0.36300001,,,,,
2021m12,16-Dec-21,-0.5,0.25,-0.49147621,,,0.15000001,0.25,0,0.125,0.25,0.079565212,0.25,0.15000001,-0.045434784,-0.125,-0.36647621,,,,,
2022m1,16-Jan-22,-0.5,0.25,,,,0.15000001,0.25,0,0.125,0.25,0.079999998,0.25,0.15000001,-0.045000002,-0.125,,,,,,
2022m2,14-Feb-22,-0.5,0.25,,,,0.15000001,0.25,0,0.125,0.25,0.079999998,0.25,0.15000001,-0.045000002,-0.125,,,,,,
2022m3,16-Mar-22,-0.5,0.25,,,,0.27096775,0.37096775,0.12096774,0.24596775,0.36956522,0.19956522,0.36956522,0.27096775,-0.044999994,-0.125,,,,,,
2022m4,15-Apr-22,-0.5,0.25,,,,0.40000001,0.5,0.25,0.375,0.5,0.33000001,0.5,0.40000001,-0.044999987,-0.125,,,,,,
2022m5,16-May-22,-0.5,0.25,,,,0.83548385,0.93548387,0.68548387,0.81048387,0.93181819,0.75857139,0.93181819,0.83548385,-0.045000013,-0.125,,,,,,
2022m6,15-Jun-22,-0.5,0.25,,,,1.275,1.375,1.125,1.25,1.375,1.1871428,1.375,1.275,-0.044999987,-0.125,,,,,,
2022m7,16-Jul-22,-0.41935483,0.33064517,,,,1.7467742,1.8467742,1.5967742,1.7217742,1.8214285,1.6545,1.8214285,1.7467742,-0.045499969,-0.044354837,,,,,,
2022m8,16-Aug-22,0,0.75,,,,2.4000001,2.5,2.25,2.375,2.5,2.3299999,2.5,2.4000001,-0.045000076,0.375,,,,,,
2022m9,15-Sep-22,0.42500001,1.175,,,,2.625,2.7249999,2.4749999,2.5999999,2.7386363,2.5799999,2.7386363,2.625,-0.045000076,0.80000001,,,,,,
2022m10,16-Oct-22,0.75,1.5,,,,3.1500001,3.25,3,3.125,3.25,3.0799999,3.25,3.1500001,-0.045000076,1.125,,,,,,
2022m11,15-Nov-22,1.475,2.2249999,,,,3.8500001,3.95,3.7,3.825,3.9318182,3.7549999,3.9318182,3.8500001,-0.045000076,1.85,,,,,,
2022m12,16-Dec-22,1.6774193,2.4274194,,,,4.1741939,4.2741938,4.0241938,4.1491938,4.2727275,4.0919046,4.2727275,4.1741939,-0.045000076,2.0524194,,,,,,
2023m1,16-Jan-23,2,2.75,,,,4.4000001,4.5,4.25,4.375,4.5,4.3299999,4.5,4.4000001,-0.045000076,2.375,,,,,,
2023m2,14-Feb-23,2.375,3.125,,,,4.6410713,4.7410712,4.4910712,4.6160712,4.7375002,4.5652633,4.7375002,4.6410713,-0.046578985,2.75,,,,,,
2023m3,16-Mar-23,2.6612904,3.4112904,,,,4.7225809,4.8225808,4.5725808,4.6975808,4.826087,4.6530433,4.826087,4.7225809,-0.048043478,3.0362904,,,,,,
2023m4,15-Apr-23,3,3.75,,,,4.9000001,5,4.75,4.875,5,4.8299999,5,4.9000001,-0.045000076,3.375,,,,,,
2023m5,16-May-23,3.1774194,3.9274194,,,,5.1258063,5.2258062,4.9758062,5.1008062,5.2173915,5.0459089,5.2173915,5.1258063,-0.045000076,3.5524194,,,,,,
2023m6,15-Jun-23,3.3333333,4.0833335,,,,5.1500001,5.25,5,5.125,5.25,5.0757141,5.25,5.1500001,-0.049285684,3.7083333,,,,,,
2023m7,16-Jul-23,3.5,4.25,,,,5.1903229,5.2903228,5.0403228,5.1653228,5.2857141,5.1170001,5.2857141,5.1903229,-0.045500062,3.875,,,,,,
2023m8,16-Aug-23,3.7419355,4.4919353,,,,5.4000001,5.5,5.25,5.375,5.5,5.3299999,5.5,5.4000001,-0.045000076,4.1169353,,,,,,
2023m9,15-Sep-23,3.8416667,4.5916667,,,,5.4000001,5.5,5.25,5.375,5.5,5.3299999,5.5,5.4000001,-0.045000076,4.2166667,,,,,,
2023m10,16-Oct-23,4,4.75,,,,5.4000001,5.5,5.25,5.375,5.5,5.3299999,5.5,5.4000001,-0.045000076,4.375,,,,,,
2023m11,15-Nov-23,4,4.75,,,,5.4000001,5.5,5.25,5.375,5.5,5.3299999,5.5,5.4000001,-0.045000076,4.375,,,,,,
2023m12,16-Dec-23,4,4.75,,,,5.4000001,5.5,5.25,5.375,5.5,5.3299999,5.5,5.4000001,-0.045000076,4.375,,,,,,
2024m1,16-Jan-24,4,4.75,,,,5.4000001,5.5,5.25,5.375,5.5,5.3299999,5.5,5.4000001,-0.045000076,4.375,,,,,,
2024m2,15-Feb-24,4,4.75,,,,5.4000001,5.5,5.25,5.375,5.5,5.3299999,5.5,5.4000001,-0.045000076,4.375,,,,,,
2024m3,16-Mar-24,4,4.75,,,,5.4000001,5.5,5.25,5.375,5.5,5.3299999,5.5,5.4000001,-0.045000076,4.375,,,,,,
2024m4,15-Apr-24,4,4.75,,,,5.4000001,5.5,5.25,5.375,5.5,5.3299999,5.5,5.4000001,-0.045000076,4.375,,,,,,
2024m5,16-May-24,4,4.75,,,,5.4000001,5.5,5.25,5.375,5.5,5.3299999,5.5,5.4000001,-0.045000076,4.375,,,,,,
2024m6,15-Jun-24,3.8416667,4.5916667,,,,5.4000001,5.5,5.25,5.375,5.5,5.3299999,5.5,5.4000001,-0.045000076,4.2166667,,,,,,
2024m7,16-Jul-24,3.75,4.5,,,,5.4000001,5.5,5.25,5.375,5.5,5.3299999,5.5,5.4000001,-0.045000076,4.125,,,,,,
2024m8,16-Aug-24,3.75,4.5,,,,5.4000001,5.5,5.25,5.375,5.5,5.3299999,5.5,5.4000001,-0.045000076,4.125,,,,,,
2024m9,15-Sep-24,3.6416667,4.2400002,,,,5.2000003,5.3000002,5.0500002,5.1750002,5.3095236,5.1300001,5.3095236,5.2000003,-0.045000076,3.9408333,,,,,,
2024m10,16-Oct-24,3.4274194,3.8274195,,,,4.9000001,5,4.75,4.875,5,4.8299999,5,4.9000001,-0.045000076,3.6274195,,,,,,
2024m11,15-Nov-24,3.25,3.6500001,,,,4.7083335,4.8083334,4.5583334,4.6833334,4.8095236,4.6457896,4.8095236,4.7083335,-0.045000076,3.45,,,,,,
2024m12,5-Dec-24,3.25,3.6500001,,,,4.6500001,4.75,4.5,4.625,4.75,4.5799999,4.75,4.6500001,-0.045000076,3.45,,,,,,