t,sigma_us,p_scr,cip_model_bps,FX_model
1,0.102903348917328,0.00219613436825992,-139.014811188297,0.967104330520426
2,0.104571667087697,0.00219613436825992,-139.01518113783,0.967558857628887
3,0.11067091556562,0.000347966803412977,-139.01643270682,0.969169342244372
4,0.108223002251174,0.000407543862387864,-139.015911722942,0.968493260731767
5,0.110432398519935,0.000243550553905849,-139.016378974985,0.969098862010297
6,0.109651773373592,0.000306000374744381,-139.016213991844,0.968885060022988
7,0.105533989669262,0.000600871099877304,-139.015343046654,0.967756158356375
8,0.112377469481383,0.000334953066549447,-139.016796698126,0.969641888557093
9,0.107736151626075,0.000689194118060454,-139.015815510174,0.968370244397457
10,0.117739810258648,0.000658852341794351,-139.017923287858,0.971163482324478
11,0.124473445003869,0.000367463614980047,-139.01929846648,0.973064215787739
12,0.126331378919721,0.000297190643056215,-139.019669211169,0.973600480273531
13,0.127477460252829,0.000307250947324817,-139.019895772371,0.973937587719211
14,0.129794769681157,0.000302623405270697,-139.020353268054,0.974618257396734
15,0.133627540547157,0.000316077280080222,-139.021110443579,0.975744840213793
16,0.140683626373741,0.000412546682126824,-134.812677341337,0.977875879528823
17,0.143038329854459,0.000345709905641295,-132.212249056725,0.978599146617134
18,0.157686854753505,0.00158529743096074,-113.854369602041,0.983079898422108
19,0.157472551692392,0.000468963735900944,-114.142107231911,0.982982446507445
20,0.168797130322876,0.000794556057308265,-98.8387484471822,0.986275012740738
21,0.177687146373343,0.000616700266038007,-87.0920638243315,0.988747606877934
22,0.172922497712051,0.000638372711235918,-93.3872853899858,0.987420388789758
23,0.181882853840369,0.000618252781487007,-81.8773498335503,0.989846072734035
24,0.181276302779423,0.000481137542551158,-82.6107405327774,0.989688190756453
25,0.176702058548628,0.000616703043937608,-88.3935688655922,0.988473088264975
26,0.191705666153147,0.00139216718244291,-69.9916271523041,0.992366068327416
27,0.187336946051012,0.000665249250158067,-75.2758463839541,0.991236896361434
28,0.194372978869451,0.000557082013190907,-66.7587024826564,0.993027335325924
29,0.207944615892081,0.00105840325795815,-51.8813796775612,0.996199599622971
30,0.219106691434369,0.000846513833510406,-40.4257625290907,0.998652055377213
31,0.216070781439467,0.000592500621685755,-43.3370820384888,0.998016671792331
32,0.213960220655544,0.0005536569121783,-45.3615429882157,0.997577233568367
33,0.22370070403023,0.000715000725721132,-36.0182924421859,0.999604767946164
34,0.218775670798012,0.000646202124204848,-40.7425418722826,0.998579879206751
35,0.226731699024303,0.000643774148814837,-33.1104571260439,1.00023369512668
36,0.225075765714678,0.000558682193004343,-34.6986638151536,0.999888126953571
37,0.220459213837169,0.000624323246893415,-39.1274670309498,0.998929482013533
38,0.231698403598648,0.000821606490408353,-28.3465596766079,1.00126874670411
39,0.231201419194258,0.000560929154081196,-28.8224655678954,1.00116161868015
40,0.231537694270207,0.000540376100888615,-28.4998177820662,1.00123122558357
41,0.235684444146994,0.00055900879570851,-24.7367303224704,1.00205481595046
42,0.256578088303085,0.00246232619230227,-7.27157277890856,1.00595439120716
43,0.255473450165957,0.000688217287143798,-8.10251415222913,1.00574635176781
44,0.25181275153257,0.000612575893921802,-11.1795095924939,1.00506293521612
45,0.253221040826338,0.0005659063506127,-9.99559771302462,1.00532500841903
46,0.253760099659655,0.000563536259230678,-9.54246268316599,1.00542550174999
47,0.249305484583709,0.000621209978806709,-13.2871288570435,1.00459551885129
48,0.245774719759266,0.000604009120178089,-16.2550297943488,1.00393694497882
49,0.261302486524846,0.00121790880958913,-3.81217612599495,1.0067284503029
50,0.255121907477097,0.000713499090819839,-8.39807818366952,1.00568108175974
51,0.236815799307344,0.00228886896178288,-23.7909221155757,1.00228962513102
52,0.243854381109014,0.000746770204152204,-17.8696469535814,1.00358067683431
53,0.249129619973958,0.000607697823742605,-13.4349258742235,1.00456256608904
54,0.24323595183224,0.000666750888404902,-18.3892788332902,1.00346435119643
55,0.241812873409548,0.000571349576206138,-19.5852472964019,1.00319776764615
56,0.233629830081179,0.00077743932181459,-26.4936224468899,1.00166955098991
57,0.25648426087133,0.00345964303311487,-7.34245515779909,1.0059494743449
58,0.249161405795925,0.000932509843461151,-13.4090251931721,1.00457234557452
59,0.231716824138355,0.00221415492226052,-28.3333775088326,1.00129292619127
60,0.25389672340356,0.00362993464047085,-9.4347697478882,1.00548508822839
61,0.229579880095054,0.00898998174776481,-30.4059772599186,1.00095082595075
62,0.22595292690444,0.00113324791049195,-33.8592278804768,1.00007945069352
63,0.224111064302966,0.000589814259594806,-35.6241921348875,0.99968807175199
64,0.22896727336759,0.000562336765913316,-30.9656377951104,1.00069718546226
65,0.225534880693962,0.000590379663084719,-34.2583561076307,0.999984069328983
66,0.260160042339117,0.0415744542499073,-4.73342110041725,1.00695055856086
67,0.248032665880029,0.00559238830987796,-14.3698011111875,1.00441801893974
68,0.220366796523837,0.0263148906234787,-39.3124586578797,0.999336290808741
69,0.249965195762422,0.0540895374268317,-12.8655898497973,1.00534601547616
70,0.233195304068568,0.013182955874476,-26.9495926361114,1.00175734877909
71,0.21918356043374,0.00360479693443397,-40.3625175305469,0.998714337795616
72,0.238638731008941,0.00293599799860589,-22.2603523683354,1.00263779848132
73,0.225276276030659,0.00167514095279369,-34.5102509160998,0.999947374193153
74,0.210452474468039,0.00211107853059715,-49.165335709727,0.996797582661882
75,0.209796763289769,0.000608462044910475,-49.8702723431237,0.996618630940732
76,0.209229184115854,0.000522936614213989,-50.4855952800974,0.996486031071023
77,0.219820748742055,0.000760604344406237,-39.7404490874822,0.998799031952641
78,0.257966043746678,0.118151474413117,-6.50903801434298,1.00740336734019
79,0.223433892418987,0.552802019187933,-38.2659416266829,1.00841073355549
80,0.366898968011625,1,57.2653717092782,1.01917745134448
81,0.333237729727281,0.808786579495781,40.9774723157385,1.01829241731612
82,0.242885293147978,0.999999999317701,-21.4494464056494,1.01622790696043
83,0.333873126020654,0.999999999842744,41.2968803314972,1.01854001095379
84,0.375287054509239,0.952290313517794,60.7211139109461,1.01945611521076
85,0.190656740812771,1,-76.5274382942419,1.01434721285412
86,0.226295127379911,0.995579765570017,-36.9864638819567,1.01561868205908
87,0.294740270896221,0.99999970431263,18.0868239516609,1.01765580785583
88,0.355239277028111,0.999584178135849,51.7038839668772,1.01895515380871
89,0.212402387011299,1,-51.1694624690662,1.01520181817126
90,0.227365609386155,0.566286406713712,-34.4397587485307,1.00905873813853
91,0.231913647248599,0.0649036152901424,-28.3460430898233,1.0022477992863
92,0.228815361410202,0.0048088072921288,-31.1256226758773,1.00072980018641
93,3.81069518356794,1,218.865807585131,1.02978312503655
94,0.77945542241672,1,148.62515168718,1.02355700200084
95,0.575048469480895,0.999999969582883,118.794231724949,1.02193727345554
96,0.265193047450788,1,-2.9143925799841,1.01688627136319
97,0.311497148323664,0.995712029576269,28.6105045629959,1.01803605895273
98,0.301675916720362,0.429684729270974,23.1752957871621,1.01510498428182
99,0.32493644245983,0.147570230091878,36.5597433532808,1.01651958108175
100,0.334841318287292,0.0147134946628499,41.9796562438399,1.01752342442002
101,0.325687544912507,0.0017322920999403,37.0265600665108,1.01630669295444
102,0.314417367467412,0.000855727488895341,30.8717493966315,1.01481222600798
103,0.326371775546146,0.000899455171475357,37.400559050917,1.01639559744266
104,0.335661106080768,0.000789818995444144,42.366864441123,1.01760531577967
105,0.358093206115379,0.00188358416210002,52.8926469959722,1.02024550850118
106,0.365767722622638,0.000820675873776101,56.4747746217299,1.02114686454014
107,0.376860246543026,0.00084700480786747,60.9334214875526,1.02230658657805
108,0.360597540014039,0.000854198410279244,54.0675273224228,1.02054167075598
109,0.369887874338777,0.000787978796038635,58.1308554288641,1.02157773172415
110,0.398611179925621,0.00292659690522597,69.6777330315882,1.02457063355014
111,0.391430767334412,0.000767281643098336,66.7899888636537,1.02383033924068
112,0.394754729570509,0.000655992242306916,68.1259753478836,1.02417840164612
113,0.411736199058976,0.00110225605496344,74.2437441056527,1.02580842265145
114,0.421176143596116,0.000803506084366464,77.4857680494023,1.0266856579535
115,0.405732635372487,0.000724993124834889,72.1814153795729,1.02525382890743
116,0.40522957409398,0.000617646189525844,72.00854642137,1.0252077494008
117,0.407242376889737,0.000630439050061872,72.6998787092156,1.02539437799241
118,0.399933615578005,0.000613548408481868,70.1895814347821,1.02471653795417
119,0.385730173949871,0.000718562054914329,64.4986139852726,1.02323445824662
120,0.360241256068499,0.00143997315424918,53.900488015843,1.02049886894746
121,0.366464810118186,0.000751029875501929,56.7549455762843,1.02121989272658
122,0.388057763471428,0.00159690588126881,65.4347130884216,1.02347438387976
123,0.410815602540693,0.00179213430291185,73.928138094628,1.02571905121577
124,0.420524844533663,0.000868013063727669,77.2621311928473,1.02662483141671
125,0.428031918382016,0.000734125188091059,79.8404095752385,1.02732196970307
126,0.448683631047849,0.0013070923335262,86.3403994450578,1.02910856260641
127,0.449826786882474,0.000661031167451548,86.6744164511396,1.02920812013102
128,0.41260577703356,0.00216612632974916,74.5433406704354,1.025882708789
129,0.42551711501247,0.0010216489442999,78.9769519447414,1.02708672790774
130,0.421226526610944,0.000621611298917201,77.5028997571273,1.02669153616929
131,0.412303218495473,0.000615982581467178,74.4380749154566,1.02586388211253
132,0.403981687871311,0.000616790938702886,71.5799439172592,1.02509200501218
133,0.392753168073112,0.000656257418833634,67.3214529677913,1.02396909458323
134,0.409630684709334,0.00109859763288729,73.5205666446875,1.02561322373682
135,0.391711091035461,0.000845582345485489,66.9027153665086,1.02385931680058
136,0.389671535365408,0.000620999745290028,66.0827765928791,1.02364698817684
137,0.395180669153982,0.000679228634212391,68.297196741984,1.02422283667789
138,0.391707998143724,0.000608332459253752,66.9013185311096,1.02386000394543
139,0.375857121039602,0.000780272797608309,60.5301853982689,1.02220189690452
140,0.367374541121576,0.000654307498362783,57.1205776331153,1.02131522304361
141,0.351206622311632,0.000861437879511561,49.6611214301394,1.01943587583942
142,0.336974583926723,0.000843408426411705,42.9831652095631,1.01776003267167
143,0.336148195906808,0.000623065384089185,42.5954431737839,1.01766252029881
144,0.316131586656408,0.00129817087303215,31.8077061293789,1.01504064208717
145,0.306302944406777,0.000784890097976138,26.4401630869547,1.01373722484758
146,0.323741724850064,0.0013206648925057,35.9639968757134,1.01604823449566
147,0.326495942861688,0.000672829357502731,37.4684529015741,1.01641159584372
148,0.315447529971894,0.000760584797173988,31.4344220634339,1.01494836074337
149,0.328738318553145,0.00096455873586596,38.6930138287448,1.01670913145058
150,0.347612346001986,0.00144412918154982,47.9746297592165,1.01901252852157
151,0.34294695402736,0.000672700985855009,45.7855283192105,1.01846324885403
152,0.357400381338055,0.00100716546324187,52.5673849631661,1.02016502290415
153,0.37317806189092,0.00111414701745173,59.45347876132,1.02192089233777
154,0.342822454701328,0.00262830989127513,45.7270085995841,1.01844910667062
155,0.366091351760514,0.00235907413058221,56.605358764981,1.02117759652972
156,0.347574579777229,0.00116513318758822,47.9569016573405,1.0190081400725
157,0.328480881543359,0.00118934174305899,38.5523451031262,1.01667543180781
158,0.33392361453908,0.000708107754892028,41.5249938705179,1.01739553420633
159,0.339110831345319,0.000671266464125051,43.9855543476315,1.01801147173382
160,0.320962402839238,0.00110619694368012,34.4461615204476,1.0156797205515
161,0.317740381033008,0.000643422023333547,32.6867069185562,1.01525171409343
162,0.324414489167281,0.000691489062105481,36.3316805034672,1.0161359195283
163,0.319246040015993,0.000633519431676896,33.5090114900462,1.01545113692377
164,0.346334244923225,0.0032104411975726,47.3749157252526,1.0188619638056
165,0.334005795665011,0.000972500128228799,41.5698240015013,1.0174067206043
166,0.318722977007688,0.000962849607649412,33.2231756304118,1.01538277947968
167,0.311261185408738,0.000692091770627069,29.1481306960582,1.01439361176698
168,0.319433885365748,0.000732904974811359,33.6115511463231,1.01547629382517
169,0.337136794615991,0.00130902003869626,43.0592099574687,1.01777951781089
170,0.312233638667208,0.00220660564644317,29.6782355516905,1.01452779766858
171,0.347283181460123,0.0111526411845336,47.8203756861074,1.01897210511456
172,0.337964832425407,0.00144731386991282,43.4477297881357,1.01787708600757
173,0.342900472434467,0.000719869217596679,45.7637159513564,1.01845778694386
174,0.334897029947297,0.000667522783408378,42.0083677048005,1.01751521217396
175,0.319317120006715,0.000946969856202926,33.5476724859822,1.01546141898255
176,0.330434904488949,0.000866574664133567,39.6196242394061,1.01693366277051
177,0.353429284832338,0.00203697787363519,50.7041818255788,1.01969667997555
178,0.356956016916715,0.000741363261039907,52.3588316355282,1.02011300444925
179,0.343714703261506,0.000782232149702246,46.1457652005298,1.01855368538978
180,0.328028887082957,0.000930124507263013,38.3055717731771,1.01661511839888
181,0.320674218093234,0.000681109303549575,34.2889726526751,1.01564044945747
182,0.33213233949963,0.000858365575395401,40.5466701016843,1.0171584640832
183,0.316770396201708,0.000963915665289959,32.1567808370163,1.01512419906772
184,0.294617245785522,0.00193875185901653,19.0876912577495,1.01201509687929
185,0.292807367770079,0.000683247424134002,17.9425700535899,1.0117387697078
186,0.292475475466036,0.000599078796161489,17.7324261114714,1.01168889996585
187,0.290349963284012,0.000599290917263715,16.3860071250269,1.01137269040733
188,0.293165308936407,0.000607630831635831,18.1693957560972,1.01179157582961
189,0.320099274841879,0.00375037721165214,33.9734707677076,1.01557250694133
190,0.293612159574538,0.00404782247303479,18.4486351472265,1.01187791511668
191,0.311810286639628,0.00194251601645379,29.4471876567521,1.01447084142533
192,0.294264676578267,0.00140655565226566,18.8649235911352,1.01195967461524
193,0.292279752346885,0.000650308999165172,17.6083853972654,1.0116600866461
194,0.315746714499689,0.00247888183328137,31.5968213582785,1.0149934167043
195,0.310583167855961,0.000754983552311453,28.7777946385397,1.01430403501849
196,0.294539478732988,0.00111128847283635,19.0393252816237,1.01199885843877
197,0.292970046849672,0.000629561397507164,18.0456810151897,1.0117626554088
198,0.293530619919613,0.000596917417652275,18.4008162445992,1.01184586052208
199,0.278693418760514,0.00108683273350797,8.91214395973691,1.00962593816333
200,0.279385891470781,0.000616731300075784,9.41948989526072,1.00973781612908
201,0.289409843589229,0.000781897946714256,15.7902594459273,1.01123397918165
202,0.274633851836827,0.00112803662513925,5.94190063488541,1.00894960755217
203,0.294017219816783,0.00178494383329285,18.7077490859683,1.01192505108487
204,0.293895146687996,0.000669185341323035,18.6316482145272,1.01190050569768
205,0.269755546907139,0.00318918035974824,2.36897556635533,1.00815481021162
206,0.292187488581746,0.00314049681343766,17.5470807064894,1.01166117935017
207,0.268426349231516,0.00389652193699664,1.39507353499996,1.00794005819027
208,0.256819295887994,0.00126526571832986,-7.09241990137675,1.00598175777433
209,0.26114895871658,0.00063907000970967,-3.92329933747883,1.00669702526976
210,0.264531635346641,0.000591365686906206,-1.44832474939129,1.0072606188981
211,0.246877127218456,0.001845374640324,-15.3315907958527,1.00415767212549
212,0.247440371078919,0.00063321431679679,-14.8549667550381,1.00424788778522
213,0.254306526108892,0.000643202713159492,-9.08332459945939,1.00552827666449
214,0.236325495920339,0.00218576889852488,-24.2027894295951,1.00219689961523
215,0.244152025998431,0.000769300291388956,-17.6195076117735,1.00363645588464
216,0.228611233464899,0.00174242617997475,-31.3111529030431,1.00064105039554
217,0.229289799104119,0.00060358075454195,-30.6563834315282,1.00076485506067
218,0.235208321053669,0.000593103044973728,-25.1370609750403,1.00196650991045
219,0.235119169358856,0.000548742840759188,-25.2118650686353,1.00194926284127
220,0.220239464994437,0.00170119151354332,-39.3423124910754,0.998901682273958
221,0.219373888747536,0.000601866158755035,-40.1685137352508,0.998703490474266
222,0.22518860399147,0.000575547038323716,-34.5904799897179,0.999911850401149
223,0.212645006729685,0.00134178187868441,-46.7836147892057,0.997289223425006
224,0.21897019682417,0.000622917642640343,-40.5558476916614,0.998619924399917
225,0.213727541005853,0.000653901916370268,-45.6064856537196,0.997526740126933
226,0.214794785768004,0.000519752102668615,-44.5608271979186,0.997750136569806
227,0.226301036071173,0.00083000542338271,-33.5242314548203,1.00014706774629
228,0.229368576477406,0.000555739611679111,-30.5806544389604,1.00078051278906
229,0.22760878361887,0.000557377693726799,-32.268790630262,1.00041469464052
230,0.227598767368266,0.000537624373519729,-32.2783315560195,1.00041230957878
231,0.284695853078246,0.973741068835448,11.4943735713886,1.01722835509676
232,0.275163034666355,0.392454029947638,5.69293257018868,1.01222038045825
233,0.273561047645533,0.0370203002584632,5.0967594659797,1.00907070342515
234,0.248799529111235,0.0240686288293369,-13.7718417185196,1.00478060019629
235,0.223088793680353,0.0363555467724142,-36.7344361639818,1.00005176659748
236,0.233323067662756,0.00370475289112653,-26.7971132001468,1.00164775457866
237,0.224325392634771,0.00113825807990332,-35.4205472075893,0.999741345337349
238,0.224896592748474,0.000563602441095995,-34.8705579431182,0.999850956511012
239,0.198316357070219,0.0292366960672629,-62.4630570159461,0.99456146527391
240,0.143874276405769,0.999999995431826,-134.887257733351,1.01220315762441
241,0.139188210778766,0.408990142778005,-136.956551139908,0.991549664533379
242,0.138382725673574,0.0268151867351955,-137.374445094018,0.97808594352958
243,0.139718961305125,0.00135013779472855,-135.879307533445,0.977610959255366
244,0.141792425457487,0.000378366134548502,-133.588182824422,0.978216354377226
245,0.13135246702509,0.00270307707940668,-139.02071653489,0.975163798004744
246,0.119883020941689,0.00685414776396119,-139.018519352286,0.972016550445637
247,0.111802358137881,0.00334330782271988,-139.016754115115,0.969607083126302
248,0.118044022004945,0.000420961017645091,-139.017979664092,0.971240361569153
249,0.1224020514313,0.000289528528364496,-139.018871213861,0.972472900895949
250,0.119575215234526,0.000452408002952462,-139.018294846939,0.971676452093017
251,0.122518603908889,0.000282333275616091,-139.018894969554,0.972505725257311
252,0.119254383058538,0.00048929996119821,-139.018229908339,0.971586802578232
253,0.109332173494764,0.00439064562417556,-139.016256521422,0.968968065107773
254,0.115958102136088,0.000470263657736419,-139.017552654257,0.970649969977928
255,0.112887722665261,0.000475513757221167,-139.016909353658,0.969789127147404
256,0.104891615037803,0.00228449896351249,-139.015252975978,0.967650627105062
257,0.0888182439309321,0.587397072509677,-139.029815819792,0.990654891623605
258,0.0909903661140342,0.0234078186600409,-139.01277584074,0.96485119017155
259,0.0825149302244049,0.0260710814909718,-139.01089174638,0.962733392746065
260,0.0670477837137031,0.997125071862495,-139.041784837872,1.00883297285394
261,0.0684862969259863,0.101583524162481,-139.010086302595,0.962883327169579
262,0.061072132368182,0.211548739891902,-139.012324520006,0.966840336855996
263,0.0589879363450382,0.00837777799910916,-139.004168662613,0.955472364906184
264,0.0624175561960038,0.000153399094396726,-139.00483491689,0.95599411632718
265,0.0515784452461173,0.944504825548533,-139.039048094024,1.00512196638799
266,0.0525512469890946,0.041766276383624,-139.003584113761,0.955485190964035
267,0.0639530931059685,0.0783622294329524,-139.008114033324,0.960519479906054
268,0.0768380678089093,0.120667018992469,-139.012697411464,0.965911833670802
269,0.0498019862197905,1,-139.041162899274,1.00808966759194
270,0.0580704744961243,0.48492420134552,-139.021985656626,0.980839320848601
271,0.0529387083540956,0.292050286891158,-139.013520628424,0.96935025376487
272,0.0531656078346086,0.00361278493414691,-139.002268834091,0.95356120225854
273,0.0544698609444798,8.69558389053673e-05,-139.002526696971,0.953743628307397
274,0.0529304558060903,0.000192583464780806,-139.002063403282,0.953305596239118
275,0.0584228783119983,0.000122906673887045,-139.003693950434,0.954870779770555
276,0.0601542962426856,7.44605410317387e-05,-139.004192796406,0.955356824035742
277,0.0619477471360299,7.8829583427781e-05,-139.004702608984,0.955859908187987
278,0.0674039226426785,0.000136305896450659,-139.006204310471,0.957374322977539
279,0.0647636984955983,0.000383129859954309,-139.005490209271,0.956656636775776
280,0.0541971296299538,0.822823622821436,-139.034465780548,0.99864501261776
281,0.0540989010866891,0.0323940050191667,-139.003672307485,0.955403683322421
282,0.056052801380761,0.000287756915351457,-139.003014952754,0.954210857868578
283,0.0520313218088965,0.00147581185070134,-139.00184107204,0.953117188871592
284,0.0493147621417993,0.000548265869257639,-139.000949535805,0.95226901769487
285,0.0476534959159499,0.000209981425505191,-139.000405571178,0.951759188164918
286,0.0465626527165727,0.000130856204462303,-139.000048743147,0.951429705085812
287,0.0480600024349138,4.35820365977665e-05,-139.000528600756,0.951869982112309
288,0.0441368046259698,0.0022637829561813,-138.999322151487,0.950814206426477
289,0.0441312910979849,7.47641004943301e-05,-138.999229104621,0.950687598025632
290,0.0470910034860353,3.89850315155334e-05,-139.00021901507,0.951583321398577
291,0.0482888355486808,4.66309539887548e-05,-139.000601789842,0.951937787996108
292,0.0473745714679279,0.000116226408229844,-139.000312704562,0.951671481959009
293,0.0438958546923563,0.00133616835927579,-138.999202595315,0.950688109746714
294,0.047722682959036,5.5732609637843e-05,-139.000421389671,0.951770965364187
295,0.0471266169663287,9.46685963245436e-05,-139.00023265871,0.951596985032097
