sigma_us,sigma_eu,mu_us,mu_eu,lcr_us
0.0939796783972261,0.164847221227927,-2.41807317909443,-1.80063082192832,6.2
0.0956844500756066,0.163875707653159,-2.37579757750748,-1.79820780665355,6.2
0.100630509174675,0.16129754952423,-2.43179914416676,-1.7978374099718,6.2
0.0985527053483715,0.166373789465896,-2.42728222991441,-1.80832048166872,6.2
0.100768826299885,0.162699659556622,-2.36975457673499,-1.77124334944326,6.2
0.100148747241997,0.172916476003548,-2.35840143145162,-1.7587118316612,6.2
0.096637412364198,0.171653854747073,-2.35248933497955,-1.75956660795355,6.2
0.103108163973559,0.159475498495562,-2.25740714050147,-1.79336120401627,6.2
0.0990834802839847,0.153743641100304,-2.26891492160534,-1.77892898228358,6.2
0.108104589558701,0.163003550769842,-2.20056055533346,-1.80895798866354,6.2
0.114042565137604,0.164061609070026,-2.17883202987067,-1.78968953301702,6.2
0.11568348817298,0.16695478774857,-2.17171337033474,-1.76813792517877,6.2
0.116702609938535,0.166667824431527,-2.16693287906932,-1.7596012954654,6.2
0.118910925605711,0.1620911928353,-2.13735389161558,-1.77824654103658,6.2
0.12252757127039,0.160943801132468,-2.09562563608015,-1.7789586836145,6.2
0.128912529662201,0.155703367007884,-2.05372556307986,-1.80025087549903,6.2
0.131111890263596,0.158136435579375,-2.0321506613684,-1.78830959317684,6.2
0.144502413009546,0.160319494650923,-1.93924475284684,-1.77297262178766,6.2
0.14435839028003,0.155691496745837,-1.93486579165324,-1.80541978466588,6.2
0.154611361183686,0.156391878459416,-1.87768591268551,-1.81136541080731,6.2
0.162757728335883,0.16172459834475,-1.82674390706356,-1.78947355900926,6.2
0.158550818269693,0.16272175234474,-1.84012780880287,-1.80772807879724,6.2
0.166482536617141,0.162042506666284,-1.81499704724917,-1.8070826517488,6.2
0.165923779555892,0.158722714296082,-1.81872550876806,-1.79627697815116,6.2
0.161754997723434,0.164557807494998,-1.84118163444923,-1.76910578442624,6.2
0.17562094360921,0.162522647750769,-1.74965294996322,-1.77007559789143,6.2
0.171668454640594,0.165975789764617,-1.76733030180871,-1.76834796567499,6.2
0.177971330370884,0.163219926760714,-1.74277346824147,-1.79176320719306,5.8
0.190138123171241,0.167537607882142,-1.70024286016729,-1.74306047824391,5.4
0.200658291342388,0.168879030224242,-1.61990593263971,-1.73847932404836,5
0.197691086054052,0.1627497823589,-1.649366166114,-1.76548001040984,4.9
0.19587394550191,0.161731975708276,-1.649664504386,-1.77259605078606,4.8
0.204639679499978,0.167140820935315,-1.61778673096482,-1.73558324525126,4.7
0.200132128129934,0.16742847861591,-1.64004887609109,-1.73365494007963,4.567
0.207337981748289,0.169637407937579,-1.61059936060271,-1.73497753390753,4.433
0.205823232418084,0.163577812007965,-1.61792965438375,-1.75870806676581,4.3
0.201527375587974,0.165448318330857,-1.64495838194637,-1.74832346805941,4.2
0.21208544242776,0.167164740587856,-1.57253539335228,-1.73874953122396,4.1
0.211818864470496,0.168720836253378,-1.56001912469634,-1.73217513104794,4
0.211889281068816,0.17069466005097,-1.5771136591058,-1.71831345016261,3.933
0.215630493024754,0.170499751365063,-1.56364881710317,-1.71420883165507,3.867
0.234263726721638,0.176389922656522,-1.51518650261866,-1.67782959138773,3.8
0.233277103512937,0.173281052281049,-1.51788945948939,-1.69587420233463,3.633
0.229990782394536,0.170635646938679,-1.52790309401541,-1.71033969538864,3.467
0.231317825888295,0.172638896600077,-1.51912378728196,-1.69818678742623,3.3
0.231486803198401,0.17160490410348,-1.54289875492385,-1.70381098570464,3.2
0.227413899512511,0.174014874180589,-1.56060909588001,-1.70470492231265,3.1
0.223912581629776,0.164418733339818,-1.59811089962828,-1.75553884745014,3
0.237647148955837,0.1701499198286,-1.57109336083961,-1.71820876733154,3.067
0.232777191039937,0.174479709402212,-1.53304714462288,-1.6933722186325,3.133
0.216603423663682,0.171618562112438,-1.56394455919184,-1.70789242813296,3.2
0.222128919560841,0.1720642298948,-1.60890055284641,-1.70885040710253,3.133
0.226809170258714,0.170923286172977,-1.59809608200323,-1.7201004355583,3.067
0.221328127543113,0.184932632410198,-1.63232889131235,-1.64119609524291,3
0.220380104921572,0.183696719603789,-1.60724716017133,-1.64960452020912,2.967
0.21315878038974,0.180416853770034,-1.62227578669129,-1.66651874515044,2.933
0.232897006927133,0.177327912735425,-1.62305889474192,-1.68209245895373,2.9
0.226458290363751,0.179725511804856,-1.63274643524351,-1.65423517615857,2.867
0.21132572311531,0.193758757561943,-1.63829229442743,-1.61011970228625,2.833
0.230291040506977,0.180373158619807,-1.65757123519636,-1.65786267359542,2.8
0.209138389850067,0.178925966656344,-1.66964233235705,-1.64267734471303,2.767
0.206539093385845,0.177180510867571,-1.62133416021834,-1.66110047344225,2.733
0.204771305352015,0.172949658872679,-1.63785446062786,-1.67802833251881,2.7
0.2086440386717,0.170017083941328,-1.66559221635731,-1.68295072011241,2.667
0.205591039478577,0.174045058714902,-1.67423196587958,-1.68760456227356,2.633
0.236272114638781,0.17554210743118,-1.60543733492798,-1.68391536246084,2.6
0.225768620262067,0.172981783565379,-1.60614212951172,-1.69596952933582,2.6
0.201742476867211,0.157152382823877,-1.62035324872197,-1.73170477008941,2.6
0.227301865575664,0.156460191881518,-1.61960723680979,-1.75545508535491,2.6
0.212798749388374,0.155572766357054,-1.6208738824615,-1.76874718773563,2.567
0.200765646393043,0.158306737672616,-1.61647394000585,-1.78052243603908,2.533
0.217356884256258,0.149868244730203,-1.63157693170043,-1.82674995453286,2.5
0.205465366256232,0.144796743485671,-1.66524590841368,-1.83865826873193,2.467
0.19276637334795,0.150064608568552,-1.65712364111305,-1.83320467123539,2.433
0.192285765431839,0.149837743345413,-1.65103617020774,-1.85678854517676,2.4
0.190996901405625,0.142983519573019,-1.72282471570368,-1.87701697839071,2.367
0.200061832984701,0.149270196445954,-1.73010484736279,-1.8566987712983,2.333
0.233593315070086,0.148603321707529,-1.67983667848613,-1.86644086906994,2.3
0.203338067742402,0.143102526229979,-1.71380169621672,-1.88816872869582,2.3
0.328466668986052,0.151753690265416,-1.66889461413526,-1.93922597999457,2.3
0.299134521548906,0.151472484772711,-1.66826579989952,-1.93788776138666,2.3
0.219589578489605,0.141061764974089,-1.77851726111912,-1.94757325038152,2.267
0.298738213241603,0.172243289571904,-1.78452295494778,-1.94784305124505,2.233
0.334894064870594,0.163013536573845,-1.78404151734257,-1.86576119799771,2.2
0.173798646627123,0.14329019105106,-1.84001689212767,-1.95173596767088,2.2
0.204777402355081,0.143738818839494,-1.82683835517057,-1.96120231336421,2.2
0.264538471298103,0.159106022402423,-1.79592199527035,-1.94114880658472,2.2
0.317038068609693,0.151402945259158,-1.83388610977306,-1.97759686281375,2.233
0.192652426903786,0.147018431476343,-1.83513682298897,-1.98832466435281,2.267
0.206080455674763,0.142022259948683,-1.7839500905384,-1.95630440607797,2.3
0.209790551680688,0.134839321320821,-1.81055845706858,-1.98164799218884,2.533
0.207177523296116,0.136146456993169,-1.80195013529002,-1.97448497623027,2.767
3.35306268215174,0.182234446492236,-1.65501183105326,-1.8907866172146,3
0.690573453649025,0.224732562771507,-1.52636084214554,-1.87182775219846,4.933
0.512637719966186,0.206563124163475,-1.40673063931032,-1.85950951987943,6.867
0.24174558556654,0.1938392981151,-1.51079310497473,-1.76970821880201,8.8
0.284132903491472,0.168646326114004,-1.33769457405348,-1.79656680674409,8.7
0.275646486490958,0.176315313758335,-1.33964568722426,-1.80208961323019,8.6
0.296234737464364,0.17081372175822,-1.30575705931297,-1.77109447846078,8.5
0.305752804430268,0.161289644137637,-1.24654634297614,-1.78784398565381,8.833
0.298132021937842,0.165933099353172,-1.23164564354245,-1.77482643049536,9.167
0.287649940718533,0.181133384643532,-1.2769835784667,-1.63565789566917,9.5
0.299024930946068,0.175791903160893,-1.21508079200285,-1.6888316025248,9.833
0.307480581921456,0.172868928253133,-1.18989673986897,-1.69796637894653,10.167
0.327738172042103,0.177982578715316,-1.13970375478457,-1.66283670795815,10.5
0.334650402631636,0.173415325355038,-1.12406607062694,-1.67852179272095,10.933
0.344910262450769,0.175024778019818,-1.08852315908485,-1.6809143586777,11.367
0.329935796533308,0.186276011062926,-1.13750300525249,-1.6258790374648,11.8
0.338385055071258,0.190072277658621,-1.11460188420786,-1.6129670534033,11.6
0.36493426768748,0.194344927639894,-1.02727304537635,-1.58927175228728,11.4
0.358631131211287,0.196840184782914,-1.03307891325851,-1.57438206718754,11.2
0.361667762622863,0.202431935430077,-1.02504376561596,-1.54550692949891,11.133
0.376736728376071,0.223181875428792,-1.00497937893191,-1.47475372505727,11.067
0.384893485452361,0.233755711703844,-1.00346358272498,-1.42883891184128,11
0.371621420049173,0.215978022469985,-1.00222891373604,-1.50743584470353,11.167
0.371425124007021,0.211848483436473,-0.992051439264275,-1.52566680299529,11.333
0.37306648361055,0.210370851198237,-0.995821101857356,-1.54187721227036,11.5
0.366527970792356,0.213594512962455,-1.00702512717562,-1.51910443811761,11.667
0.353396397052043,0.203589942181931,-1.04836386148418,-1.52359671986309,11.833
0.329797170106738,0.203157785582451,-1.12906787209471,-1.52186074624404,12
0.335819317692182,0.206228413467891,-1.09633664714989,-1.5562142709609,11.933
0.35538898849033,0.192428949262799,-1.04861898633706,-1.55558568008729,11.867
0.376005434251546,0.182943051407831,-1.00167503794858,-1.61633618284032,11.8
0.384925381560532,0.191518337634095,-0.977321972015365,-1.62069947265241,11.867
0.391871058168097,0.189273161051198,-0.95658210428948,-1.59938739865119,11.933
0.410795316386489,0.194012339272722,-0.907950822628454,-1.58398334329118,12
0.411949640821652,0.195773117817108,-0.900941449764312,-1.5848928394948,11.933
0.377531704342252,0.232082698409825,-1.00294764554263,-1.50202442674494,11.867
0.389116691741251,0.25648620346553,-0.98088553227649,-1.38808805829109,11.8
0.385153157148049,0.256519971209925,-0.992857016614567,-1.37069732395844,11.967
0.376814826361773,0.247769735374014,-1.02253378631726,-1.28706168663407,12.133
0.369002569345831,0.308611465809864,-1.05371303063553,-1.22596070008827,12.3
0.359052146073844,0.30103235924153,-1.0658315270427,-1.21571434428237,12.367
0.374920484488363,0.298025306938191,-1.00457904795235,-1.20118004501103,12.433
0.358532360610603,0.331184235719577,-1.04861151156413,-1.09296655510833,12.5
0.356748372141424,0.330518206669961,-1.04995533349579,-1.0865474222689,12.433
0.361793057484575,0.343838190879347,-1.03591645015037,-1.05681639101223,12.367
0.3584329988995,0.347508708433625,-1.05313038586003,-1.02998420369708,12.3
0.344053175440196,0.337530542419641,-1.08820443421437,-1.03688346344968,12.533
0.336520230595969,0.344582242058586,-1.10015553188022,-1.02326469401954,12.767
0.321748733731575,0.335835194201771,-1.14323986630471,-1.04742497436391,13
0.308903248095447,0.331331994397683,-1.17472074357096,-1.05391508920732,13.5
0.308190944516327,0.325298967956273,-1.17488478675937,-1.07090734084354,14
0.289436119091924,0.312125601904051,-1.25908547609358,-1.10461283722839,14.5
0.280530820415345,0.292015323877487,-1.28479756407784,-1.17160795966196,14.833
0.296647727693322,0.287742181960193,-1.22142805648974,-1.18541058578809,15.167
0.29917144475543,0.277703948644205,-1.21295658637988,-1.22265323831918,15.5
0.288901369958164,0.280856300895545,-1.25491727317736,-1.2126694236631,15.833
0.300935842453347,0.274667168665359,-1.22171108358282,-1.23454127568885,16.167
0.318271494488517,0.274906139415563,-1.16290245038151,-1.23128627966617,16.5
0.313987541567672,0.267966654427878,-1.17705829106716,-1.25964160718491,16.833
0.327373989954391,0.266920171052908,-1.1281610462435,-1.25869726656105,17.167
0.341719322280974,0.264545487779032,-1.09014125690753,-1.26227716064236,17.5
0.314537797778787,0.263109438423521,-1.14410815925794,-1.27539498283072,17.833
0.335488449579368,0.262067891168371,-1.09681970999176,-1.28898473243654,18.167
0.318339396476013,0.255599924650165,-1.15777621996181,-1.31623093300797,18.5
0.300916151254553,0.252949671411125,-1.21082789140371,-1.32459127870066,19
0.306085531202014,0.250527851238185,-1.18488622704961,-1.33193112900685,19.5
0.310861537526805,0.244764267245101,-1.16840126239377,-1.34528848815529,20
0.294062475276166,0.246308619606998,-1.23213802222271,-1.34740377787807,20.5
0.291163822289792,0.246147560175583,-1.23931118107552,-1.35981726344889,21
0.297198404671607,0.233984512445315,-1.2228847155745,-1.39559590652842,21.5
0.292459063182904,0.229643126480236,-1.23919064589918,-1.42375007809922,21.833
0.317329279460157,0.232983486985169,-1.15498268966332,-1.40299113161492,22.167
0.305918912666612,0.236697848137767,-1.19722723046576,-1.38380822918356,22.5
0.291980448889874,0.238271896486275,-1.24079966532315,-1.37708758534443,21.833
0.285262597003753,0.23782626078588,-1.25776789256752,-1.37649652634551,21.167
0.29260171855414,0.250677115438036,-1.24021798547053,-1.32496627267555,20.5
0.308758666978961,0.258877326646149,-1.18936155074156,-1.32165973572736,20.267
0.285931761933994,0.268163652199445,-1.26663857469125,-1.30653253235804,20.033
0.318020752639364,0.281339031000005,-1.16125319011155,-1.26296456132884,19.8
0.309459685945095,0.286752412284414,-1.18991963528404,-1.2472512321641,19.867
0.313901912632306,0.291192727289069,-1.17944607865363,-1.23803416957464,19.933
0.30656087528151,0.292620864530338,-1.20383855808439,-1.21032856551078,20
0.292392239776298,0.301453586896414,-1.24690865235388,-1.19341963495904,19.933
0.302578916323977,0.307986360651822,-1.21169455930252,-1.15651526154342,19.867
0.323485563878348,0.309443064612933,-1.15199625284468,-1.15210741662517,19.8
0.326719633007582,0.310256663691799,-1.14175644252368,-1.14308323759533,19.867
0.314653215386478,0.321010568297786,-1.17676433559618,-1.11646660037582,19.933
0.299811997657496,0.324593161759706,-1.25057615963026,-1.11548261672778,20
0.293449443123607,0.338734885475829,-1.25298762401777,-1.08840371135122,19.833
0.304007240163531,0.337218602675416,-1.21336965729194,-1.05904519282575,19.667
0.289916459716726,0.341368772292696,-1.26282358614175,-1.06568865740509,19.5
0.269347817010294,0.354254749502918,-1.3536514947284,-1.03050166632995,19.833
0.26772571411785,0.361906295937928,-1.35763725007185,-1.00119046685575,20.167
0.267391535520919,0.365581342650565,-1.36072674269088,-0.997572313287351,20.5
0.265493865251763,0.382675684755624,-1.3651360082597,-0.988483838911851,20.4
0.267934414022474,0.396790947283285,-1.3646507070055,-0.967033032411575,20.3
0.292126442655763,0.404291555524278,-1.30122669696753,-0.940020441891293,20.2
0.268194465088969,0.419052881839199,-1.37233619095838,-0.923766568297722,20.067
0.284674412456323,0.422667978780786,-1.32181289796209,-0.897100715398731,19.933
0.268505304374086,0.435904402187531,-1.38881483994578,-0.912299993856342,19.8
0.26703034070399,0.437695261276461,-1.37230393750693,-0.890728076328004,19.7
0.288345140329698,0.445980063717616,-1.30450350899218,-0.862712608015287,19.6
0.28355969278229,0.486739328851023,-1.32546863425215,-0.810112699860194,19.5
0.269280092525212,0.485974054278437,-1.35367873142334,-0.784423269630997,19.567
0.267426513223856,0.497709393663103,-1.38629140045133,-0.772075047589737,19.633
0.26766851560774,0.487141710745698,-1.40187250721537,-0.786862961663327,19.7
0.254715955468774,0.478536150639061,-1.4142534465759,-0.77002588546257,19.567
0.255396080015964,0.476963362086782,-1.4086051149752,-0.761702034863932,19.433
0.264603303853516,0.477660162526424,-1.37037079374127,-0.764275880286309,19.3
0.251089829171827,0.496148680037589,-1.42312601059662,-0.748128496124724,19.133
0.268611360951704,0.515977257964317,-1.36715502553882,-0.726766140664684,18.967
0.268099255264706,0.530928489592112,-1.39418093600665,-0.750189440478272,18.8
0.246467419640489,0.496001769880034,-1.45258204777214,-0.722086106962257,18.7
0.26690414019536,0.498187931855833,-1.37601327585338,-0.709788809475362,18.6
0.245423114043779,0.499650017251994,-1.44592510314272,-0.725240356958637,18.5
0.234777359480297,0.506322819606038,-1.49208346546481,-0.699362769532723,18.667
0.238558322181975,0.501026503604223,-1.48851945252863,-0.685105406068599,18.833
0.241693401832606,0.490444673054776,-1.47231270547606,-0.704814684772619,19
0.225929034340039,0.491476962018586,-1.51339513553233,-0.701423018738363,18.833
0.22651413635144,0.489505583526271,-1.50563917674653,-0.702774435588823,18.667
0.232591692967216,0.487473800752423,-1.49286244328343,-0.696672825999873,18.5
0.216490062807981,0.498311714682267,-1.54021334534577,-0.704808067131682,18.5
0.223785584694104,0.509818844288226,-1.49844791469474,-0.698757050455271,18.5
0.209434099452238,0.508421415486667,-1.57211212322482,-0.724557664369776,18.5
0.210130575919392,0.480823532524384,-1.56333699769807,-0.714449419104453,18.5
0.215789094026802,0.473280669155039,-1.5215725116114,-0.712717330165731,18.5
0.215783203722139,0.471622954231525,-1.51712928412585,-0.71017689421061,18.5
0.202084820671873,0.471690302288191,-1.58432746147719,-0.715365610760959,18.5
0.201384610681298,0.475974642019426,-1.58219870628306,-0.709937531474336,18.5
0.206116901965126,0.463678509743872,-1.60118880320967,-0.731556661506497,18.5
0.195051426062966,0.459626152414111,-1.62663898736532,-0.740028137520861,18.5
0.201060892911081,0.46158180120354,-1.58055640408586,-0.745579352574356,18.5
0.196219482778182,0.464931047341485,-1.60679841714342,-0.737765906827001,18.5
0.19707798701154,0.448424556913915,-1.6106899112265,-0.753812643296929,18.5
0.207377334828165,0.453889196591207,-1.57749317864504,-0.743160005205493,18.5
0.209816914460547,0.462517227682292,-1.59354764168195,-0.748991084877668,18.5
0.208518297957703,0.446658063026119,-1.5762577689469,-0.760938546490911,18.5
0.209368202397029,0.441847690008582,-1.51653981281958,-0.757649970740082,18.5
0.258561595308256,0.519313827329825,-1.51477114379321,-0.662903579596278,18.5
0.251667547308963,0.528151860607552,-1.41374739830749,-0.619722116552156,18.5
0.250867109033227,0.518010500395204,-1.37725141537865,-0.605514474521726,18.5
0.228390821817287,0.57696965827806,-1.45685920207184,-0.495063587102436,18.5
0.20472222333034,0.587744856999493,-1.56976721002372,-0.48161044914669,18.5
0.213985854284905,0.584308091356809,-1.53458509715916,-0.471941359453146,18.5
0.205824223495425,0.607075229557438,-1.56828397473219,-0.43659257801232,18.5
0.206385901365441,0.621805380470062,-1.56331110303378,-0.432909541369902,18.5
0.181929927898331,0.639189654140832,-1.6930986173387,-0.414447845039183,18.5
0.131981853100397,0.655951702789905,-2.01421010504659,-0.403403048142692,18.5
0.127764151588,0.639037381598888,-2.0398778936866,-0.392341641749115,18.5
0.126912071476374,0.640879410803732,-2.05753417778884,-0.385881594149681,18.5
0.128102308917632,0.669907903832762,-2.0517660638417,-0.343707787750987,18.5
0.130013288597334,0.686023352239947,-2.03584502323607,-0.326672247696017,18.5
0.120480264520111,0.694631867860458,-2.10888122397549,-0.311519771326643,18.5
0.109961118565015,0.71027472043375,-2.19860528247519,-0.28954612064678,18.5
0.102600357333693,0.707726921080037,-2.25927560478093,-0.298229361148668,18.5
0.108331458557212,0.713504576182364,-2.20555733875998,-0.292870347548861,18.5
0.112360844010851,0.725872416247292,-2.16560448801805,-0.275571752806094,18.5
0.109769939508716,0.742512651570726,-2.1881214796125,-0.281252859176826,18.5
0.112481920264544,0.786470999952289,-2.16274371619762,-0.26016972673679,18.5
0.109403510720993,0.759106855836208,-2.20106485227676,-0.266120284580543,18.5
0.100299128786934,0.745069773847506,-2.28659592203775,-0.261684413609694,18.5
0.106086301764484,0.760994249381284,-2.27218010247662,-0.24830134609139,18.5
0.103149352048163,0.763586015184094,-2.3212527054962,-0.252578469254301,18.5
0.095470709913318,0.759139438678785,-2.46768987172331,-0.249881075177534,18.5
0.0807769943152636,0.749671257838846,-2.65014506310044,-0.239268029753306,18.5
0.0824938803200158,0.722198255047332,-2.6937682646725,-0.253462912533175,18.5
0.0750804939506332,0.725090338140577,-2.71417550782608,-0.280693411638588,18.5
0.0612581869890022,0.778994958118783,-2.84268624168123,-0.28053515837516,18.5
0.0622956049234744,0.706997621870507,-2.90759372377241,-0.302891142899708,18.5
0.0556056193179887,0.761666113345846,-3.00568667840686,-0.327270446676947,18.5
0.053901280377446,0.661230513466652,-2.97031347125296,-0.356058099945116,18.5
0.0568141035721348,0.629830323281336,-2.98618825918746,-0.440837822119142,18.5
0.0473310869084246,0.591142305863671,-3.03709297372158,-0.447486935488251,18.5
0.0482482574630473,0.570404694050527,-3.01085402573914,-0.471321003610591,18.5
0.0583463760299317,0.571263622470858,-2.92038412075444,-0.510599601069745,18.5
0.0694730602896605,0.56782028814336,-2.92771210028373,-0.52330376339552,18.5
0.0461773818726209,0.568952020291765,-2.95762454413262,-0.519581776471481,18.5
0.0533224969543555,0.521120519857479,-2.90729519867244,-0.604282494381474,18.5
0.0485894661072293,0.513777214498932,-3.00741948810566,-0.621145160024329,18.5
0.0489442622269407,0.508239616452221,-2.96055221130768,-0.635738907160792,18.5
0.0501466687016962,0.515893537357815,-2.93680553053545,-0.660876231894986,18.5
0.0487651966319751,0.494316893242052,-2.95335483834236,-0.683508419140269,18.5
0.0537648336383073,0.490291875137848,-2.87344702945852,-0.696949958512091,18.5
0.0553499474175144,0.4756854665314,-2.84537277616455,-0.738975805755543,18.5
0.0570217990482981,0.467577792602875,-2.80843687917828,-0.736890450172598,18.5
0.0620034172317367,0.459410138538691,-2.73680175779948,-0.737279100754518,18.5
0.059580874714379,0.453786917031502,-2.77275609970397,-0.764365688250448,18.5
0.0498361162779358,0.442750640449778,-2.95609345237533,-0.78026465093586,18.5
0.0497521256798397,0.441717137536917,-2.95605744630079,-0.787034819938113,18.5
0.0514913011349418,0.440713684228623,-2.93493361577824,-0.785055982433936,18.5
0.0478303135126834,0.437128793695836,-3.00493277700874,-0.796894013909952,18.5
0.0455136340406437,0.429902715677823,-3.00698971305136,-0.794764341059849,18.5
0.0438680704446188,0.422834653797927,-3.06948799623851,-0.793184762593409,18.5
0.0428999280140033,0.416255202573633,-3.07858316197196,-0.807260025073986,18.5
0.0442147803997709,0.445220956329458,-3.07366244895076,-0.804638566667316,18.5
0.0405962185423006,0.432752664081385,-3.15966832887391,-0.830688835617927,18.5
0.0404966735960598,0.42245056987711,-3.19047752841517,-0.807877934113257,18.5
0.0431982951244727,0.43117600295379,-3.13544496274784,-0.797533259322661,18.5
0.0442751685788933,0.422965766815787,-3.11545026703405,-0.799475023821143,18.5
0.0434601539919886,0.422571118388839,-3.1287103558518,-0.795842197970215,18.5
0.0402646010736322,0.424803608936695,-3.20168957143845,-0.797193430364659,18.5
0.0436488602720973,0.427614193248521,-3.1657576538928,-0.783915874548599,18.5
0.0432072686977375,0.398808356920168,-3.14124844283873,-0.810749176460997,18.5
