sigma_us,sigma_eu
0.0990661612127545,0.178865891768189
0.102092157518803,0.178651843326208
0.102252467122756,0.177535239847437
0.101214962947189,0.178861275594853
0.10513931479233,0.181088667543156
0.105368494333467,0.187013623632216
0.103841301150624,0.186318050436955
0.112694970440688,0.17726013179066
0.110157800252046,0.177229885198266
0.118817619257027,0.177157044881509
0.123076554821,0.179631989352034
0.1243681399675,0.183238586555503
0.125197692201577,0.184061122284732
0.128309901020003,0.180041913156507
0.133073587986014,0.179500168457557
0.139320026533248,0.175036028012775
0.142062098715297,0.177323976278949
0.156187888935453,0.180000198889588
0.156502823989235,0.1744167382847
0.166569397067898,0.174003026142311
0.175316548371346,0.178633039085803
0.171973288319535,0.177146056803617
0.178284278772652,0.176891773198899
0.177651585201576,0.176629847224936
0.173467095323147,0.182093726869373
0.189254122345405,0.181156923612121
0.18552115101972,0.182783456073354
0.191144790229888,0.179030273309159
0.201712625049107,0.186344644415154
0.215835624360163,0.187430995272573
0.211027762250958,0.181791069043536
0.210065626817749,0.180554012763956
0.218109009637877,0.187110299823708
0.213307084112566,0.187440533254872
0.220319658445853,0.188156051609271
0.218710555427812,0.182920709544863
0.213508797386993,0.184892034744982
0.227162250486884,0.186717836653482
0.228556445574603,0.188123016537834
0.226519615150448,0.190602301269713
0.230036953554104,0.191042688095005
0.24568124691483,0.197973723117297
0.244833092086655,0.194445935923801
0.241867757817802,0.191599608985331
0.243619778680329,0.193902088621034
0.240988789092695,0.192801678769989
0.236758367152973,0.193601536157611
0.230820291043519,0.183623535631
0.241596030120139,0.190401846921356
0.24281819803439,0.195201459771909
0.230506291072882,0.192265963984399
0.228701009668406,0.192318270133965
0.232504416397335,0.190473104344625
0.22594292227913,0.206094836200355
0.227864247785755,0.204504038775279
0.22222842481913,0.200992684150823
0.233740462877213,0.197766821978557
0.228950372115066,0.202405421454374
0.219570784951458,0.213812439324454
0.229052931617117,0.202110231191576
0.215271146770995,0.203798563601091
0.218715233728826,0.20055589236679
0.215990846247923,0.196803288340793
0.215375552170018,0.195265482666575
0.212799303488271,0.195823590643055
0.237431080945114,0.1968448536856
0.231096022615969,0.194328402358335
0.216332443507653,0.18531213675453
0.230688832640024,0.181256149577431
0.222172764523943,0.179101505913782
0.216295830948284,0.178338652025963
0.22369915821118,0.16985466285391
0.213595933105776,0.166952033994649
0.207679776485555,0.169141140658196
0.208132627055768,0.166439191213257
0.199985553419602,0.161682807233358
0.204511043413956,0.16621021711882
0.229218157243242,0.164922586134249
0.207872544944646,0.160486436195801
0.292315674919571,0.15994076815656
0.272735165599247,0.159894057216203
0.212701635601742,0.153834712627895
0.264529838007106,0.171327957449802
0.289057061881001,0.171958637792304
0.180067081800246,0.154531869522077
0.199844770480654,0.153988470742401
0.2408833527814,0.163909995672605
0.27393224459956,0.156905244046999
0.191694518928538,0.153668079771296
0.203796573836407,0.153540000410259
0.204169495490308,0.147993533351147
0.203142863796729,0.149206552522691
2.42577684067974,0.181312274021505
0.551539204799911,0.209743935440974
0.438076681294967,0.198744338002429
0.250385799319731,0.197484685059751
0.295849465450169,0.181127111099894
0.290895499911526,0.184676456112803
0.30707584351018,0.184724800251691
0.321026223682888,0.17862758068305
0.319381000541197,0.182057303667279
0.306623028936344,0.205533677959696
0.322664894302462,0.196300607173253
0.331311353382866,0.194022918621791
0.350587589763107,0.200594875263058
0.357018326805141,0.196871889917201
0.368988574650657,0.197072513978345
0.352125006249306,0.208716540954982
0.360699482577595,0.211942463963864
0.391381595570402,0.216916564486394
0.387046162469806,0.220002923919415
0.390238685293675,0.226384176066938
0.402040925389742,0.245395111199563
0.406650127062771,0.256961787406666
0.400037071874189,0.237497522449149
0.402172202646264,0.233111561066567
0.402141324460542,0.230219173070158
0.396496627808399,0.234800071716912
0.381275071807792,0.23021880101883
0.353607730342078,0.230371222162032
0.362912787971018,0.226429583730709
0.382200064662605,0.221622424651044
0.40235741505637,0.209046594950756
0.412098534748599,0.211489225568634
0.420164580549203,0.213598944724179
0.440805582715425,0.217564589160489
0.44304058485672,0.218091860654328
0.402872900967461,0.246088171063092
0.413522269935373,0.273909699107851
0.40895157966871,0.276469901217542
0.398545429939839,0.289184231919763
0.388326044266262,0.325796003411757
0.380704196296092,0.32355803389977
0.401193165936937,0.324708246115317
0.383796260514313,0.361398060822784
0.382620172742976,0.362460730463879
0.388029615133659,0.374925708802293
0.382842658088117,0.382564571486231
0.368613977854138,0.376812753858422
0.362502657905061,0.38293147271525
0.346929297048477,0.373584502099254
0.334779534494332,0.370260854896373
0.334408156735759,0.363853163551595
0.310413657011356,0.350919558623769
0.301755570470163,0.328205284589391
0.320380622199373,0.323623168141009
0.323119736675921,0.311963717823031
0.310845678021408,0.315225974514185
0.322482003453449,0.308365330190162
0.341549614899948,0.3091355536493
0.336858603259265,0.300760080117247
0.352556489187743,0.300588358666082
0.367053435021985,0.299025752796427
0.343320190563974,0.295823398669135
0.362665688962606,0.292752922222848
0.34253392219407,0.285108120721888
0.324352150783322,0.282536476435441
0.331540899453062,0.280244353775859
0.336901866416308,0.275643224240338
0.317262616422443,0.275805042928948
0.314604920186678,0.273518663605218
0.32040998797849,0.262553104013069
0.315261050021719,0.256074675235883
0.342546972687496,0.260890457319466
0.32923085773797,0.26564212012029
0.314750041570527,0.267427112981791
0.308572528088009,0.267378014208493
0.315156372153892,0.281619851498109
0.332043823473855,0.28547200332086
0.307421510829777,0.292209613367783
0.341726652751334,0.30579592409886
0.332294238511561,0.311105154674324
0.336390849930474,0.314839878380879
0.328398034325123,0.320519361408199
0.313918616749359,0.327756192806825
0.325028697272329,0.33787113526366
0.346173322075697,0.339411705708301
0.349698439644039,0.341612573509414
0.337247701875612,0.351871469429228
0.317185331934895,0.353716246995898
0.313456630113717,0.365913582780254
0.325463235480616,0.37146050540346
0.310050860078635,0.371870359898852
0.285531224063194,0.385484205762999
0.284104712030603,0.395626801538711
0.283488641117554,0.398145223441228
0.281859590931432,0.408564023111284
0.283220800771793,0.420470585015182
0.3053965904367,0.43021924261655
0.282304104143043,0.441594759429543
0.298341253593644,0.449422095903592
0.280280037069492,0.453338697013352
0.281686790206028,0.458918225081407
0.302830544931602,0.469694291118937
0.297210148469175,0.504336609897647
0.28549160815691,0.509952483517265
0.280011796916126,0.519431509574832
0.278138223784054,0.509989922537921
0.269383655915643,0.509577260945951
0.270502405754722,0.510970934677469
0.280649891548311,0.510638514262418
0.266271735284627,0.524564181114315
0.283247330201254,0.540844900743304
0.279361743016242,0.543637514979209
0.259967772130904,0.531498898928947
0.281105520534702,0.536089627539253
0.26026193930728,0.532506577341848
0.248750753491276,0.543168253811744
0.25121820121644,0.544831201686785
0.254910285169923,0.533823024278993
0.241469659882315,0.535340505191888
0.242753413247489,0.534010639834513
0.24750763122502,0.534992780231812
0.233339521262299,0.537597580147777
0.242344795114433,0.545111119126261
0.225888926978335,0.537308904406885
0.227319306491046,0.526437437963787
0.235430941572435,0.523706449228925
0.236049524196037,0.523864493146303
0.220864904746928,0.5221804766891
0.220819099268875,0.525742405679612
0.220761667315255,0.51361352087643
0.212320891373912,0.509222849841643
0.220887849509034,0.508307564395211
0.215332916377333,0.512177258414935
0.215230417689028,0.500285027362648
0.224229275710927,0.505902657164435
0.223540566238341,0.507678994714582
0.224930460048654,0.497289841464987
0.233420898964638,0.496559256523585
0.259883097963374,0.560444416012741
0.267848555502187,0.578560227589957
0.272735035484319,0.579457119168173
0.250361361212976,0.646551798130449
0.223951754144962,0.656423858305017
0.232855937330851,0.659498923610295
0.224642811142963,0.683818199510636
0.225547787347486,0.691041997638274
0.198403753615294,0.706296184420996
0.143912296452079,0.718370093506093
0.139869204414763,0.716367093377983
0.13806502873028,0.720177841920384
0.139080808809202,0.751717386796847
0.141244145316405,0.766340724149729
0.131112868503731,0.777360153395489
0.119782186621015,0.794681715633799
0.112328402837491,0.789197685941475
0.118554235432728,0.794218239535024
0.12322485440583,0.808041000331462
0.120430921894682,0.812304702846343
0.123465414400564,0.843174365817708
0.119355046052248,0.827113522399989
0.109513103045507,0.823045865863366
0.113224714558994,0.836669118977698
0.10893013627936,0.835701533419193
0.0976884382172586,0.835062579035893
0.0821211773252249,0.836729276324443
0.0817541791619934,0.818975206460559
0.0766210214886169,0.805086323878519
0.0646799088538802,0.830470026510278
0.0633930639818156,0.786540864159418
0.0569528974604198,0.802237777760896
0.0569199536778377,0.742316708574003
0.0581466251434989,0.691071059807977
0.0516759575209887,0.673412078866528
0.0529083897720946,0.655722262633376
0.0607574818437986,0.637790441615238
0.0673314656332071,0.631218405646173
0.0544345918391113,0.633179314851558
0.0585883133852455,0.581111066876153
0.0531548218177434,0.571939541049804
0.0549123766698184,0.564415755995443
0.0562486078264445,0.559413984892402
0.0551199324439354,0.542255163806935
0.060031088763172,0.536178022674453
0.0617799307436946,0.516686863187257
0.0639326599811572,0.513607469569153
0.0689607330689806,0.51001869777399
0.0664467366843749,0.499193635860909
0.0554212615580801,0.489661460320846
0.0553788716658212,0.487184777785503
0.0568571371287203,0.487354347594651
0.0529088173183059,0.482296637389803
0.0520228389403368,0.480007378778029
0.0492158495915975,0.477988133202638
0.0485938916142924,0.471088915633211
0.0492221456941872,0.483738684692272
0.0451921257652656,0.470828575730041
0.0442943887956425,0.47304749929471
0.0469692156573623,0.479647295346452
0.0480328282944581,0.475938122488053
0.0472872956806634,0.477005691300637
0.0439014770525531,0.477341420087739
0.0464484459431468,0.482727213245134
0.0468372470970664,0.465610215807777
